creationdate,status,trouble_mttr,tk_region,workzone,witel,layanan,is_gamas,desc_category,tipe_gangguan,actual_solution
2019-08-13T19:51:16Z,CLOSED,2.1,REG-2,Cilincing,JAKUT,LOC_AP,No,PROACTIVE MAINTENANCE,Technical,NA
2019-08-13T19:39:45Z,QUEUED,0.03,REG-5,Gedangan - Sidoarjo,SIDOARJO,AP,No,PROACTIVE MAINTENANCE,Technical,NA
2019-08-13T19:40:02Z,QUEUED,0.03,REG-5,Gedangan - Sidoarjo,SIDOARJO,INTERNET,No,PROACTIVE MAINTENANCE,Technical,NA
2019-08-13T19:40:13Z,QUEUED,0.03,REG-5,Gedangan - Sidoarjo,SIDOARJO,INTERNET,No,PROACTIVE MAINTENANCE,Technical,NA
2019-08-13T19:40:24Z,QUEUED,0.03,REG-5,Krian - Sidoarjo,SIDOARJO,LOC_AP,No,PROACTIVE MAINTENANCE,Technical,NA
2019-08-13T19:40:38Z,QUEUED,0.02,REG-5,Gedangan - Sidoarjo,SIDOARJO,LOC_AP,No,PROACTIVE MAINTENANCE,Technical,NA
2019-08-13T19:40:46Z,QUEUED,0.02,REG-5,Krian - Sidoarjo,SIDOARJO,LOC_AP,No,PROACTIVE MAINTENANCE,Technical,NA
2019-08-14T02:35:37Z,CLOSED,5.53,REG-7,Sorong,PAPUA BARAT,LOC_AP,No,AP,Technical,CNDC - MEKANICHAL ELECTRICAL STO - Catuan Listrik
2019-08-14T02:38:25Z,CLOSED,6.4,REG-7,Sorong,PAPUA BARAT,LOC_AP,No,AP,Technical,CNDC - MEKANICHAL ELECTRICAL STO - Catuan Listrik
2019-08-14T02:39:37Z,CLOSED,13.9,REG-7,Sorong,PAPUA BARAT,LOC_AP,No,AP,Billing,SOLUTION_WIFIID
2019-08-14T07:36:29Z,CLOSED,8.83,REG-6,Palangkaraya,KALTENG,LOC_AP,No,AP,Billing,SOLUTION_WIFIID
2019-08-14T07:43:23Z,QUEUED,0,REG-4,Kudus,KUDUS,INTERNET,Yes,PROACTIVE MAINTENANCE,Technical,NA
2019-08-14T08:23:37Z,CLOSED,6.28,REG-6,Banjarmasin,KALSEL,LOC_AP,No,AP,Billing,SOLUTION_WIFIID
2019-08-14T08:25:42Z,CLOSED,5.13,REG-7,Ambon,MALUKU,LOC_AP,No,AP,Billing,SOLUTION_WIFIID
2019-08-14T08:23:08Z,CLOSED,7.3,REG-4,Semarang Johar,SEMARANG,INTERNET,Yes,PROACTIVE MAINTENANCE,Technical,INDIHOME - ODP - GANTI ADAPTOR - Konektor kotor/berjamur
2019-08-14T08:46:06Z,CLOSED,149.19,REG-6,Bengkayang,KALBAR,AP,No,AP,Billing,SOLUTION_WIFIID
2019-08-14T08:49:30Z,CLOSED,7.28,REG-6,Singkawang,KALBAR,AP,No,AP,Billing,SOLUTION_WIFIID
2019-08-13T16:50:56Z,CLOSED,66.52,REG-5,Karang Ploso - Malang,MALANG,AP,No,PROACTIVE MAINTENANCE,Technical,NA
2019-08-13T17:11:24Z,CLOSED,0.02,REG-2,Meruya,JAKBAR,AP,No,PROACTIVE MAINTENANCE,Technical,NA
2019-08-13T17:09:22Z,CLOSED,1.12,REG-1,Pematang Siantar Centrum,SUMUT,LOC_AP,No,AP,Technical,NA
2019-08-13T17:05:08Z,QUEUED,0,REG-2,Meruya,JAKBAR,INTERNET,Yes,PROACTIVE MAINTENANCE,Technical,NA
2019-08-13T17:15:57Z,CLOSED,0.03,REG-2,Serang,BANTEN,LOC_AP,No,AP,Technical,NA
2019-08-13T17:20:04Z,CLOSED,3.58,REG-5,Malang,MALANG,LOC_AP,No,AP,Technical,SOLUTION_WIFIID
2019-08-13T19:41:40Z,QUEUED,0,REG-5,Gedangan - Sidoarjo,SIDOARJO,INTERNET,No,PROACTIVE MAINTENANCE,Technical,NA
2019-08-13T19:41:49Z,QUEUED,0,REG-5,Gedangan - Sidoarjo,SIDOARJO,INTERNET,No,PROACTIVE MAINTENANCE,Technical,NA
2019-08-13T19:41:58Z,QUEUED,0,REG-5,Gedangan - Sidoarjo,SIDOARJO,INTERNET,No,PROACTIVE MAINTENANCE,Technical,NA
2019-08-13T17:31:12Z,CLOSED,0.03,REG-7,Palu Birobuli,SULTENG,INTERNET,No,PROACTIVE MAINTENANCE,Technical,NA
2019-08-13T17:32:45Z,CLOSED,0.64,REG-1,Cinta Damai,MEDAN,INTERNET,No,PROACTIVE MAINTENANCE,Technical,NA
2019-08-13T17:22:28Z,CLOSED,16.79,REG-2,Serpong,TANGERANG,AP,No,PROACTIVE MAINTENANCE,Technical,NA
2019-08-13T17:33:59Z,CLOSED,0.6,REG-1,Cinta Damai,MEDAN,AP,No,PROACTIVE MAINTENANCE,Technical,NA
2019-08-14T05:00:36Z,CLOSED,9.31,REG-4,Purwodadi Grobogan,KUDUS,LOC_AP,No,AP,Billing,SOLUTION_WIFIID
2019-08-14T08:04:34Z,CLOSED,0,REG-5,Bajawa,NTT,INTERNET,Yes,PROACTIVE MAINTENANCE,Technical,GAMAS
2019-08-13T17:35:57Z,CLOSED,16.55,REG-2,Lengkong,TANGERANG,INTERNET,No,PROACTIVE MAINTENANCE,Technical,NA
2019-08-13T17:40:13Z,CLOSED,0.53,REG-1,Simpang Limun,MEDAN,AP,No,PROACTIVE MAINTENANCE,Technical,NA
2019-08-14T07:51:00Z,CLOSED,8.27,REG-6,Gunung Sari,BALIKPAPAN,AP,No,AP,Billing,SOLUTION_WIFIID
2019-08-13T17:26:34Z,CLOSED,0.55,REG-1,Medan Centrum,MEDAN,INTERNET,Yes,PROACTIVE MAINTENANCE,Technical,GAMAS
2019-08-13T17:10:13Z,CLOSED,2.38,REG-7,Sinjai,MAKASSAR,LOC_AP,No,AP,Technical,SOLUTION_WIFIID
2019-08-13T17:28:03Z,CLOSED,16.48,REG-5,Sidoarjo,SIDOARJO,LOC_AP,No,AP,Billing,SOLUTION_WIFIID
2019-08-13T17:30:09Z,CLOSED,3.49,REG-5,Malang,MALANG,LOC_AP,No,AP,Technical,SOLUTION_WIFIID
2019-08-13T20:30:39Z,QUEUED,0,REG-5,Sidoarjo,SIDOARJO,INTERNET,No,PROACTIVE MAINTENANCE,Technical,NA
2019-08-13T20:30:48Z,QUEUED,0,REG-5,Sidoarjo,SIDOARJO,LOC_AP,No,PROACTIVE MAINTENANCE,Technical,NA
2019-08-13T17:38:57Z,CLOSED,16.5,REG-2,NA,NA,INTERNET,No,PROACTIVE MAINTENANCE,Technical,NA
2019-08-13T17:06:17Z,CLOSED,66.3,REG-5,Tumpang - Malang,MALANG,INTERNET,Yes,PROACTIVE MAINTENANCE,Technical,GAMAS
2019-08-13T17:04:04Z,CLOSED,3.28,REG-6,Nunukan,KALTARA,INTERNET,Yes,PROACTIVE MAINTENANCE,Technical,GAMAS
2019-08-13T17:19:19Z,CLOSED,21.98,REG-2,Pasar Minggu,JAKSEL,INTERNET,Yes,PROACTIVE MAINTENANCE,Technical,GAMAS
2019-08-13T17:50:08Z,CLOSED,0.4,REG-1,Medan Centrum,MEDAN,INTERNET,No,PROACTIVE MAINTENANCE,Technical,NA
2019-08-14T05:11:31Z,CLOSED,128.31,REG-4,Pekalongan,PEKALONGAN,LOC_AP,No,AP,Billing,SOLUTION_WIFIID
2019-08-14T05:12:20Z,CLOSED,8.4,REG-4,Pekalongan,PEKALONGAN,LOC_AP,No,AP,Billing,SOLUTION_WIFIID
2019-08-14T05:13:55Z,CLOSED,10.46,REG-4,Pekalongan,PEKALONGAN,LOC_AP,No,AP,Billing,SOLUTION_WIFIID
2019-08-14T05:13:03Z,CLOSED,8.36,REG-4,Pekalongan,PEKALONGAN,LOC_AP,No,AP,Billing,SOLUTION_WIFIID
2019-08-14T05:15:16Z,CLOSED,8.37,REG-4,Pekalongan,PEKALONGAN,LOC_AP,No,AP,Billing,SOLUTION_WIFIID
2019-08-14T05:16:33Z,CLOSED,11.29,REG-4,Purwokerto,PURWOKERTO,LOC_AP,No,AP,Billing,SOLUTION_WIFIID
2019-08-14T05:20:44Z,CLOSED,3.69,REG-4,Purwokerto,PURWOKERTO,LOC_AP,No,AP,Billing,NA
2019-08-14T08:08:18Z,CLOSED,0,REG-5,Waikabubak,NTT,INTERNET,Yes,PROACTIVE MAINTENANCE,Technical,GAMAS
2019-08-14T08:08:16Z,CLOSED,0,REG-5,Waikabubak,NTT,INTERNET,Yes,PROACTIVE MAINTENANCE,Technical,GAMAS
2019-08-13T17:49:34Z,CLOSED,0.25,REG-1,Simpang Limun,MEDAN,INTERNET,Yes,PROACTIVE MAINTENANCE,Technical,GAMAS
2019-08-13T17:36:39Z,CLOSED,0.47,REG-1,Simpang Limun,MEDAN,INTERNET,Yes,PROACTIVE MAINTENANCE,Technical,GAMAS
2019-08-13T17:34:00Z,CLOSED,0.48,REG-1,Cinta Damai,MEDAN,INTERNET,Yes,PROACTIVE MAINTENANCE,Technical,GAMAS
2019-08-13T17:33:23Z,CLOSED,0.48,REG-1,Cinta Damai,MEDAN,INTERNET,Yes,PROACTIVE MAINTENANCE,Technical,GAMAS
2019-08-13T18:41:01Z,CLOSED,0.32,REG-5,Gresik,GEMA,LOC_AP,No,AP,Technical,SOLUTION_WIFIID
2019-08-13T18:43:11Z,CLOSED,0.77,REG-2,Bogor,BOGOR,LOC_AP,No,AP,Technical,NA
2019-08-13T18:44:43Z,CLOSED,0.15,REG-2,Bogor,BOGOR,LOC_AP,No,AP,Technical,NA
2019-08-13T19:57:08Z,QUEUED,0,REG-5,Sidoarjo,SIDOARJO,AP,No,PROACTIVE MAINTENANCE,Technical,NA
2019-08-13T19:57:30Z,QUEUED,0.07,REG-5,Sidoarjo,SIDOARJO,LOC_AP,No,PROACTIVE MAINTENANCE,Technical,NA
2019-08-14T09:21:54Z,CLOSED,51.69,REG-1,Jambi Centrum,JAMBI,LOC_AP,No,AP,Billing,SOLUTION_WIFIID
2019-08-13T19:41:22Z,QUEUED,0.02,REG-5,Krian - Sidoarjo,SIDOARJO,INTERNET,No,PROACTIVE MAINTENANCE,Technical,NA
2019-08-14T06:23:50Z,CLOSED,10.39,REG-4,Yogyakarta Kotabaru,YOGYAKARTA,LOC_AP,No,AP,Billing,SOLUTION_WIFIID
2019-08-13T17:26:33Z,CLOSED,0.7,REG-1,Medan Centrum,MEDAN,INTERNET,No,PROACTIVE MAINTENANCE,Technical,NA
2019-08-14T08:54:43Z,CLOSED,2.23,REG-1,Sagulung,BATAM,INTERNET,Yes,PROACTIVE MAINTENANCE,Technical,INDIHOME - ODP - GANTI ADAPTOR - Adapter rusak karena kualitas material rendah
2019-08-13T19:58:26Z,CLOSED,1.94,REG-2,Cilincing,JAKUT,AP,No,PROACTIVE MAINTENANCE,Technical,NA
2019-08-13T19:58:52Z,QUEUED,0.05,REG-5,Sepanjang - Sidoarjo,SIDOARJO,INTERNET,No,PROACTIVE MAINTENANCE,Technical,NA
2019-08-14T02:32:02Z,CLOSED,11.05,REG-7,Sorong,PAPUA BARAT,LOC_AP,No,AP,Billing,SOLUTION_WIFIID
2019-08-13T17:29:57Z,CLOSED,0,REG-3,Cicadas (Ahmad Yani),BANDUNG,INTERNET,Yes,PROACTIVE MAINTENANCE,Technical,GAMAS
2019-08-13T17:49:33Z,CLOSED,0.42,REG-1,Simpang Limun,MEDAN,LOC_AP,No,PROACTIVE MAINTENANCE,Technical,NA
2019-08-13T17:33:22Z,CLOSED,0.62,REG-1,Cinta Damai,MEDAN,INTERNET,No,PROACTIVE MAINTENANCE,Technical,NA
2019-08-13T17:31:31Z,CLOSED,0.63,REG-1,Medan Centrum,MEDAN,LOC_AP,No,PROACTIVE MAINTENANCE,Technical,NA
2019-08-13T17:36:34Z,CLOSED,0.58,REG-1,Simpang Limun,MEDAN,LOC_AP,No,PROACTIVE MAINTENANCE,Technical,NA
2019-08-13T17:27:17Z,CLOSED,0.69,REG-1,Medan Centrum,MEDAN,INTERNET,No,PROACTIVE MAINTENANCE,Technical,NA
2019-08-13T17:27:18Z,CLOSED,0.55,REG-1,Medan Centrum,MEDAN,INTERNET,Yes,PROACTIVE MAINTENANCE,Technical,GAMAS
2019-08-13T17:20:53Z,CLOSED,21.95,REG-2,Pasar Minggu,JAKSEL,INTERNET,Yes,PROACTIVE MAINTENANCE,Technical,GAMAS
2019-08-13T17:04:36Z,CLOSED,22.28,REG-2,Kebayoran,JAKSEL,INTERNET,Yes,PROACTIVE MAINTENANCE,Technical,GAMAS
2019-08-13T17:02:42Z,CLOSED,66.35,REG-5,Karang Ploso - Malang,MALANG,INTERNET,Yes,PROACTIVE MAINTENANCE,Technical,GAMAS
2019-08-13T17:20:56Z,CLOSED,21.95,REG-2,Pasar Minggu,JAKSEL,INTERNET,Yes,PROACTIVE MAINTENANCE,Technical,GAMAS
2019-08-14T08:06:14Z,CLOSED,0,REG-5,Maumere,NTT,INTERNET,Yes,PROACTIVE MAINTENANCE,Technical,GAMAS
2019-08-14T08:21:47Z,CLOSED,7.85,REG-6,Sampit,KALTENG,LOC_AP,No,AP,Billing,SOLUTION_WIFIID
2019-08-14T09:07:41Z,CLOSED,0,REG-2,Gambir,JAKPUS,INTERNET,Yes,PROACTIVE MAINTENANCE,Technical,GAMAS
2019-08-14T08:47:49Z,CLOSED,8.4,REG-1,Palembang Centrum B,SUMSEL,LOC_AP,No,AP,Billing,SOLUTION_WIFIID
2019-08-14T08:47:53Z,CLOSED,7.29,REG-6,Sintang,KALBAR,AP,No,AP,Billing,SOLUTION_WIFIID
2019-08-14T08:50:36Z,BACKEND,0,REG-6,Banjarmasin,KALSEL,LOC_AP,No,AP,Technical,NA
2019-08-14T08:42:14Z,CLOSED,7.73,REG-6,Banjarbaru,KALSEL (BANJARMASIN),LOC_AP,No,AP,Billing,SOLUTION_WIFIID
2019-08-13T18:43:47Z,CLOSED,0.2,REG-5,Gresik,GEMA,LOC_AP,No,AP,Technical,SOLUTION_WIFIID
2019-08-13T18:47:36Z,CLOSED,0.07,REG-2,Bogor,BOGOR,LOC_AP,No,AP,Technical,NA
2019-08-13T18:17:04Z,QUEUED,0.05,REG-1,Panbil,RIKEP,AP,No,PROACTIVE MAINTENANCE,Technical,NA
2019-08-13T19:59:18Z,QUEUED,0.05,REG-5,Sepanjang - Sidoarjo,SIDOARJO,AP,No,PROACTIVE MAINTENANCE,Technical,NA
2019-08-13T19:59:19Z,QUEUED,0,REG-5,Sepanjang - Sidoarjo,SIDOARJO,INTERNET,Yes,PROACTIVE MAINTENANCE,Technical,NA
2019-08-13T18:37:12Z,CLOSED,0.48,REG-5,Gresik,GEMA,LOC_AP,No,AP,Technical,SOLUTION_WIFIID
2019-08-13T18:38:19Z,CLOSED,0.45,REG-5,Gresik,GEMA,LOC_AP,No,AP,Technical,SOLUTION_WIFIID
2019-08-13T18:39:13Z,CLOSED,3.38,REG-2,Bogor,BOGOR,LOC_AP,No,AP,Technical,NA
2019-08-13T18:39:25Z,CLOSED,0.37,REG-5,Darmo - Surabaya,SURABAYA,LOC_AP,No,AP,Technical,SOLUTION_WIFIID
2019-08-13T18:40:09Z,CLOSED,0.2,REG-2,Bogor,BOGOR,LOC_AP,No,AP,Technical,NA
2019-08-13T17:28:09Z,CLOSED,0.55,REG-1,Medan Centrum,MEDAN,INTERNET,Yes,PROACTIVE MAINTENANCE,Technical,GAMAS
2019-08-13T17:52:54Z,CLOSED,0.35,REG-1,Padang Bulan,MEDAN,AP,No,PROACTIVE MAINTENANCE,Technical,NA
2019-08-13T17:38:19Z,CLOSED,0.55,REG-1,Simpang Limun,MEDAN,LOC_AP,No,PROACTIVE MAINTENANCE,Technical,NA
2019-08-13T21:34:43Z,CLOSED,0.15,REG-2,Tanjung Priuk,JAKUT,LOC_AP,No,PROACTIVE MAINTENANCE,Technical,NA
2019-08-13T21:34:44Z,CLOSED,0.17,REG-2,Tanjung Priuk,JAKUT,INTERNET,Yes,PROACTIVE MAINTENANCE,Technical,GAMAS
2019-08-13T21:37:24Z,CLOSED,0.12,REG-2,Tanjung Priuk,JAKUT,LOC_AP,No,PROACTIVE MAINTENANCE,Technical,NA
2019-08-14T04:59:24Z,CLOSED,9.28,REG-4,Kudus,KUDUS,LOC_AP,No,AP,Billing,SOLUTION_WIFIID
2019-08-14T05:03:09Z,CLOSED,9.3,REG-4,Kudus,KUDUS,LOC_AP,No,AP,Billing,SOLUTION_WIFIID
2019-08-14T05:03:54Z,CLOSED,9.22,REG-4,Kudus,KUDUS,LOC_AP,No,AP,Billing,SOLUTION_WIFIID
2019-08-14T06:27:25Z,CLOSED,10.3,REG-4,Bantul,YOGYAKARTA,LOC_AP,No,AP,Billing,SOLUTION_WIFIID
2019-08-14T06:28:24Z,CLOSED,10.78,REG-4,Yogyakarta Kotabaru,YOGYAKARTA,LOC_AP,No,AP,Billing,SOLUTION_WIFIID
2019-08-13T17:06:16Z,CLOSED,66.3,REG-5,Tumpang - Malang,MALANG,INTERNET,Yes,PROACTIVE MAINTENANCE,Technical,GAMAS
2019-08-13T17:19:13Z,CLOSED,66.1,REG-5,Gadang - Malang,MALANG,INTERNET,Yes,PROACTIVE MAINTENANCE,Technical,GAMAS
2019-08-14T08:15:29Z,CLOSED,129.45,REG-5,Mojoagung - Mojokerto,SIDOARJO,INTERNET,Yes,PROACTIVE MAINTENANCE,Technical,GAMAS
2019-08-14T08:16:33Z,CLOSED,56.17,REG-5,Gempol - Pasuruan,SIDOARJO,INTERNET,Yes,PROACTIVE MAINTENANCE,Technical,GAMAS
2019-08-14T08:16:58Z,QUEUED,0,REG-5,Sepanjang - Sidoarjo,SIDOARJO,INTERNET,Yes,PROACTIVE MAINTENANCE,Technical,NA
2019-08-13T17:37:15Z,CLOSED,0.57,REG-1,Simpang Limun,MEDAN,AP,No,PROACTIVE MAINTENANCE,Technical,NA
2019-08-13T17:37:48Z,CLOSED,0.55,REG-1,Simpang Limun,MEDAN,INTERNET,No,PROACTIVE MAINTENANCE,Technical,NA
2019-08-14T05:05:56Z,CLOSED,8.28,REG-4,Purworejo,MAGELANG,LOC_AP,No,AP,Billing,SOLUTION_WIFIID
2019-08-14T05:06:57Z,CLOSED,11.42,REG-4,Magelang,MAGELANG,LOC_AP,No,AP,Billing,SOLUTION_WIFIID
2019-08-14T05:07:52Z,CLOSED,8.12,REG-4,Magelang,MAGELANG,LOC_AP,No,AP,Billing,SOLUTION_WIFIID
2019-08-14T05:08:37Z,CLOSED,8.23,REG-4,Magelang,MAGELANG,LOC_AP,No,AP,Billing,SOLUTION_WIFIID
2019-08-13T17:39:01Z,CLOSED,0.55,REG-1,Simpang Limun,MEDAN,AP,No,PROACTIVE MAINTENANCE,Technical,NA
2019-08-13T19:59:05Z,QUEUED,0,REG-5,Sepanjang - Sidoarjo,SIDOARJO,INTERNET,Yes,PROACTIVE MAINTENANCE,Technical,NA
2019-08-14T05:04:34Z,CLOSED,12.19,REG-4,Kudus,KUDUS,LOC_AP,No,AP,Billing,SOLUTION_WIFIID
2019-08-13T17:25:44Z,CLOSED,16.72,REG-2,Serpong,TANGERANG,AP,No,PROACTIVE MAINTENANCE,Technical,NA
2019-08-13T17:25:46Z,CLOSED,16.72,REG-2,Serpong,TANGERANG,INTERNET,No,PROACTIVE MAINTENANCE,Technical,NA
2019-08-13T17:25:51Z,CLOSED,16.76,REG-2,Serpong,TANGERANG,INTERNET,No,PROACTIVE MAINTENANCE,Technical,NA
2019-08-14T08:16:08Z,QUEUED,0,REG-5,Mlirip Mojokerto,SIDOARJO,INTERNET,Yes,PROACTIVE MAINTENANCE,Technical,NA
2019-08-14T08:16:58Z,QUEUED,0,REG-5,Sepanjang - Sidoarjo,SIDOARJO,INTERNET,Yes,PROACTIVE MAINTENANCE,Technical,NA
2019-08-14T08:25:50Z,CLOSED,6.32,REG-6,Banjarmasin,KALSEL,LOC_AP,No,AP,Billing,SOLUTION_WIFIID
2019-08-14T08:40:06Z,CLOSED,7.38,REG-6,Pontianak Centrum,KALBAR,LOC_AP,No,AP,Billing,SOLUTION_WIFIID
2019-08-14T08:43:14Z,CLOSED,7.9,REG-6,Singkawang,KALBAR,AP,No,AP,Billing,SOLUTION_WIFIID
2019-08-14T08:44:49Z,CLOSED,23.69,REG-6,Ketapang,KALBAR,AP,No,AP,Billing,SOLUTION_WIFIID
2019-08-14T09:24:13Z,CLOSED,7.11,REG-3,Bandung Turangga,BANDUNG,INTERNET,No,PROACTIVE MAINTENANCE,Technical,NA
2019-08-13T17:41:06Z,CLOSED,0.51,REG-1,Tuntungan,MEDAN,INTERNET,No,PROACTIVE MAINTENANCE,Technical,NA
2019-08-14T05:59:27Z,CLOSED,11.37,REG-4,Solo Baru,SOLO,LOC_AP,No,AP,Billing,SOLUTION_WIFIID
2019-08-13T17:25:02Z,CLOSED,3.65,REG-5,Sidoarjo,SIDOARJO,LOC_AP,No,AP,Technical,SOLUTION_WIFIID
2019-08-13T21:36:19Z,CLOSED,0.1,REG-2,Tanjung Priuk,JAKUT,LOC_AP,No,PROACTIVE MAINTENANCE,Technical,NA
2019-08-13T21:35:43Z,CLOSED,0.12,REG-2,Tanjung Priuk,JAKUT,AP,No,PROACTIVE MAINTENANCE,Technical,NA
2019-08-13T21:37:02Z,CLOSED,0.1,REG-2,Tanjung Priuk,JAKUT,LOC_AP,No,PROACTIVE MAINTENANCE,Technical,NA
2019-08-13T21:33:09Z,CLOSED,0.18,REG-2,Tanjung Priuk,JAKUT,INTERNET,No,PROACTIVE MAINTENANCE,Technical,NA
2019-08-13T21:33:45Z,CLOSED,0.17,REG-2,Tanjung Priuk,JAKUT,LOC_AP,No,PROACTIVE MAINTENANCE,Technical,NA
2019-08-13T21:33:46Z,CLOSED,0.17,REG-2,Tanjung Priuk,JAKUT,INTERNET,Yes,PROACTIVE MAINTENANCE,Technical,GAMAS
2019-08-14T05:55:12Z,CLOSED,10.75,REG-4,Solo Baru,SOLO,LOC_AP,No,AP,Billing,SOLUTION_WIFIID
2019-08-14T07:47:39Z,CLOSED,32.17,REG-6,Tanah Grogot,BALIKPAPAN,AP,No,AP,Billing,SOLUTION_WIFIID
2019-08-14T08:23:59Z,CLOSED,8.52,REG-1,Bukit Dangas,RIKEP,INTERNET,Yes,PROACTIVE MAINTENANCE,Technical,INDIHOME - ODP - GANTI ADAPTOR - Adapter rusak karena kualitas material rendah
2019-08-14T08:15:27Z,CLOSED,149.77,REG-5,Jombang,SIDOARJO,INTERNET,Yes,PROACTIVE MAINTENANCE,Technical,GAMAS
2019-08-14T08:15:26Z,CLOSED,149.77,REG-5,Jombang,SIDOARJO,INTERNET,Yes,PROACTIVE MAINTENANCE,Technical,GAMAS
2019-08-14T08:15:29Z,CLOSED,51.03,REG-5,Mojoagung - Mojokerto,SIDOARJO,INTERNET,Yes,PROACTIVE MAINTENANCE,Technical,NA
2019-08-14T08:28:30Z,CLOSED,7.53,REG-6,Tarakan,KALTARA,LOC_AP,No,AP,Billing,SOLUTION_WIFIID
2019-08-14T08:46:40Z,CLOSED,7.98,REG-6,Banjarmasin,KALSEL,LOC_AP,No,AP,Billing,SOLUTION_WIFIID
2019-08-14T09:23:14Z,QUEUED,0,REG-7,Palu B,SULTENG,INTERNET,Yes,PROACTIVE MAINTENANCE,Technical,NA
2019-08-14T09:24:51Z,QUEUED,0,REG-7,Palu Birobuli,SULTENG,INTERNET,Yes,PROACTIVE MAINTENANCE,Technical,NA
2019-08-14T10:01:00Z,CLOSED,3.97,REG-5,Kediri,KEDIRI,LOC_AP,No,PROACTIVE MAINTENANCE,Technical,SOLUTION_INTERNET
2019-08-14T08:23:05Z,CLOSED,55.54,REG-4,Semarang Johar,SEMARANG,INTERNET,No,PROACTIVE MAINTENANCE,Technical,NA
2019-08-13T19:52:50Z,CLOSED,2.07,REG-2,Cilincing,JAKUT,LOC_AP,No,PROACTIVE MAINTENANCE,Technical,NA
2019-08-14T05:49:51Z,CLOSED,4.17,REG-4,Solo Baru,SOLO,LOC_AP,No,AP,Billing,NA
2019-08-13T19:41:31Z,QUEUED,0,REG-5,Gedangan - Sidoarjo,SIDOARJO,LOC_AP,No,PROACTIVE MAINTENANCE,Technical,NA
2019-08-13T19:56:44Z,CLOSED,1.95,REG-2,Cilincing,JAKUT,LOC_AP,No,PROACTIVE MAINTENANCE,Technical,NA
2019-08-13T19:56:46Z,QUEUED,0,REG-5,Sidoarjo,SIDOARJO,AP,No,PROACTIVE MAINTENANCE,Technical,NA
2019-08-13T17:28:08Z,CLOSED,0.68,REG-1,Medan Centrum,MEDAN,LOC_AP,No,PROACTIVE MAINTENANCE,Technical,NA
2019-08-14T07:49:18Z,CLOSED,8.67,REG-6,Loabakung,SAMARINDA,AP,No,AP,Billing,SOLUTION_WIFIID
2019-08-14T08:15:30Z,CLOSED,129.45,REG-5,Mojoagung - Mojokerto,SIDOARJO,INTERNET,Yes,PROACTIVE MAINTENANCE,Technical,GAMAS
2019-08-14T08:16:34Z,CLOSED,56.17,REG-5,Gempol - Pasuruan,SIDOARJO,INTERNET,Yes,PROACTIVE MAINTENANCE,Technical,GAMAS
2019-08-14T08:15:09Z,CLOSED,7.47,REG-4,Semarang Johar,SEMARANG,INTERNET,Yes,PROACTIVE MAINTENANCE,Technical,INDIHOME - ODP - GANTI PASSIVE SPLITTER - Redaman tinggi
2019-08-14T09:36:50Z,CLOSED,6.28,REG-5,Bangkalan,GEMA,INTERNET,No,PROACTIVE MAINTENANCE,Technical,INDIHOME - DROP CORE - SAMBUNG DROP CORE - Redaman tinggi
2019-08-14T08:28:35Z,CLOSED,25.54,REG-6,Sambas,KALBAR,AP,No,AP,Billing,SOLUTION_WIFIID
2019-08-14T08:29:19Z,CLOSED,7.95,REG-6,Banjarmasin,KALSEL,LOC_AP,No,AP,Billing,SOLUTION_WIFIID
2019-08-14T08:29:57Z,CLOSED,8.57,REG-6,Kuala Kapuas,KALTENG,AP,No,AP,Billing,SOLUTION_WIFIID
2019-08-13T17:30:48Z,CLOSED,16.65,REG-2,Serpong,TANGERANG,AP,No,PROACTIVE MAINTENANCE,Technical,NA
2019-08-13T17:30:56Z,CLOSED,128.08,REG-2,Kebayoran,JAKSEL,INTERNET,No,PROACTIVE MAINTENANCE,Technical,SOLUTION_INTERNET
2019-08-14T05:56:05Z,CLOSED,10.79,REG-4,Solo Baru,SOLO,LOC_AP,No,AP,Billing,SOLUTION_WIFIID
2019-08-14T05:56:49Z,CLOSED,10.79,REG-4,Solo Baru,SOLO,LOC_AP,No,AP,Billing,SOLUTION_WIFIID
2019-08-14T05:57:22Z,QUEUED,0.02,REG-7,Ambon,MALUKU,AP,No,PROACTIVE MAINTENANCE,Technical,NA
2019-08-14T05:57:28Z,CLOSED,4.09,REG-4,Solo Baru,SOLO,LOC_AP,No,AP,Billing,NA
2019-08-14T05:58:06Z,CLOSED,11.56,REG-4,Solo Baru,SOLO,LOC_AP,No,AP,Billing,SOLUTION_WIFIID
2019-08-13T19:42:05Z,QUEUED,0,REG-5,Krian - Sidoarjo,SIDOARJO,INTERNET,No,PROACTIVE MAINTENANCE,Technical,NA
2019-08-13T19:42:13Z,QUEUED,0,REG-5,Krian - Sidoarjo,SIDOARJO,AP,No,PROACTIVE MAINTENANCE,Technical,NA
2019-08-13T19:42:20Z,QUEUED,0,REG-5,Krian - Sidoarjo,SIDOARJO,LOC_AP,No,PROACTIVE MAINTENANCE,Technical,NA
2019-08-14T09:07:45Z,CLOSED,6.85,REG-5,Ketapang - Sampang,GEMA,AP,No,PROACTIVE MAINTENANCE,Technical,INDIHOME - DROP CORE - SAMBUNG DROP CORE - Redaman tinggi
2019-08-14T08:31:37Z,CLOSED,7.97,REG-6,Banjarmasin,KALSEL,LOC_AP,No,AP,Billing,SOLUTION_WIFIID
2019-08-14T08:24:40Z,CLOSED,6.34,REG-1,Bukit Dangas,RIKEP,INTERNET,Yes,PROACTIVE MAINTENANCE,Technical,INDIHOME - ODC - GANTI ADAPTOR - Adapter rusak karena kualitas material rendah
2019-08-14T08:16:08Z,QUEUED,0,REG-5,Mlirip Mojokerto,SIDOARJO,INTERNET,Yes,PROACTIVE MAINTENANCE,Technical,NA
2019-08-14T08:16:34Z,CLOSED,56.17,REG-5,Gempol - Pasuruan,SIDOARJO,INTERNET,Yes,PROACTIVE MAINTENANCE,Technical,GAMAS
2019-08-13T19:57:45Z,QUEUED,0.07,REG-5,Sidoarjo,SIDOARJO,LOC_AP,No,PROACTIVE MAINTENANCE,Technical,NA
2019-08-13T19:57:54Z,QUEUED,0.07,REG-5,Sidoarjo,SIDOARJO,LOC_AP,No,PROACTIVE MAINTENANCE,Technical,NA
2019-08-13T19:58:18Z,CLOSED,161.44,REG-5,Sidoarjo,SIDOARJO,AP,No,PROACTIVE MAINTENANCE,Technical,NA
2019-08-13T19:58:20Z,CLOSED,161.43,REG-5,Sidoarjo,SIDOARJO,INTERNET,Yes,PROACTIVE MAINTENANCE,Technical,GAMAS
2019-08-14T05:58:44Z,CLOSED,11.23,REG-4,Solo Baru,SOLO,LOC_AP,No,AP,Billing,SOLUTION_WIFIID
2019-08-14T09:34:56Z,CLOSED,1.87,REG-5,Kediri,KEDIRI,INTERNET,No,PROACTIVE MAINTENANCE,Technical,SOLUTION_INTERNET
2019-08-14T09:35:04Z,CLOSED,6.29,REG-5,Kamal - Bangkalan,GEMA,AP,No,PROACTIVE MAINTENANCE,Technical,INDIHOME - DROP CORE - SAMBUNG DROP CORE - Redaman tinggi
2019-08-14T09:35:06Z,CLOSED,120.04,REG-1,Krui,LAMPUNG,AP,No,CABLE,Technical,GAMAS
2019-08-14T05:01:35Z,CLOSED,9.3,REG-4,Kudus,KUDUS,LOC_AP,No,AP,Billing,SOLUTION_WIFIID
2019-08-14T05:02:18Z,CLOSED,12.24,REG-4,Kudus,KUDUS,LOC_AP,No,AP,Billing,SOLUTION_WIFIID
2019-08-14T08:00:03Z,CLOSED,5.33,REG-7,Ambon,MALUKU,LOC_AP,No,AP,Billing,SOLUTION_WIFIID
2019-08-14T09:27:17Z,QUEUED,0.03,REG-7,Tolay,SULTENG,INTERNET,No,PROACTIVE MAINTENANCE,Technical,NA
2019-08-13T17:29:58Z,CLOSED,0,REG-3,Cicadas (Ahmad Yani),BANDUNG,INTERNET,Yes,PROACTIVE MAINTENANCE,Technical,GAMAS
2019-08-14T09:09:12Z,CLOSED,0,REG-5,Ubung - Denpasar,DENPASAR,INTERNET,Yes,PROACTIVE MAINTENANCE,Technical,GAMAS
2019-08-14T09:23:11Z,QUEUED,0.02,REG-7,Palu B,SULTENG,LOC_AP,No,PROACTIVE MAINTENANCE,Technical,NA
2019-08-14T09:24:01Z,CLOSED,0.77,REG-2,Pakulonan,TANGERANG,LOC_AP,No,PROACTIVE MAINTENANCE,Technical,NA
2019-08-14T08:53:13Z,CLOSED,0,REG-5,Bangkalan,GEMA,INTERNET,Yes,PROACTIVE MAINTENANCE,Technical,INDIHOME - DROP CORE - SAMBUNG DROP CORE - Redaman tinggi
2019-08-14T09:26:56Z,QUEUED,0.03,REG-7,Tolay,SULTENG,LOC_AP,No,PROACTIVE MAINTENANCE,Technical,NA
2019-08-14T08:02:12Z,CLOSED,8.48,REG-6,Palangkaraya,KALTENG,LOC_AP,No,AP,Billing,SOLUTION_WIFIID
2019-08-14T08:05:55Z,CLOSED,8.25,REG-6,Palangkaraya,KALTENG,LOC_AP,No,AP,Billing,SOLUTION_WIFIID
2019-08-13T18:03:23Z,CLOSED,0.12,REG-1,Telanai Pura,JAMBI,INTERNET,Yes,PROACTIVE MAINTENANCE,Technical,GAMAS
2019-08-14T06:04:46Z,CLOSED,10.62,REG-4,Sukoharjo,SOLO,LOC_AP,No,AP,Billing,SOLUTION_WIFIID
2019-08-14T06:05:26Z,CLOSED,10.57,REG-4,Sukoharjo,SOLO,LOC_AP,No,AP,Billing,SOLUTION_WIFIID
2019-08-14T06:07:09Z,CLOSED,10.53,REG-4,Solo Baru,SOLO,LOC_AP,No,AP,Billing,SOLUTION_WIFIID
2019-08-14T06:09:09Z,CLOSED,10.57,REG-4,Solo Baru,SOLO,LOC_AP,No,AP,Billing,SOLUTION_WIFIID
2019-08-14T06:09:57Z,CLOSED,10.5,REG-4,Solo Baru,SOLO,LOC_AP,No,AP,Billing,SOLUTION_WIFIID
2019-08-14T06:10:42Z,CLOSED,10.5,REG-4,Klaten,SOLO,LOC_AP,No,AP,Billing,SOLUTION_WIFIID
2019-08-13T21:35:11Z,CLOSED,0.17,REG-2,Tanjung Priuk,JAKUT,AP,No,PROACTIVE MAINTENANCE,Technical,NA
2019-08-14T09:37:05Z,QUEUED,0.03,REG-5,Gerung - Praya,NTB,LOC_AP,No,PROACTIVE MAINTENANCE,Technical,NA
2019-08-14T09:37:12Z,QUEUED,0.03,REG-5,Mergoyoso - Surabaya,SURABAYA,INTERNET,No,PROACTIVE MAINTENANCE,Technical,NA
2019-08-14T09:36:34Z,CLOSED,6.26,REG-5,Kamal - Bangkalan,GEMA,INTERNET,No,PROACTIVE MAINTENANCE,Technical,INDIHOME - DROP CORE - SAMBUNG DROP CORE - Redaman tinggi
2019-08-13T21:29:13Z,CLOSED,0.27,REG-2,Tanjung Priuk,JAKUT,AP,No,PROACTIVE MAINTENANCE,Technical,NA
2019-08-13T21:29:19Z,CLOSED,0.27,REG-2,Tanjung Priuk,JAKUT,INTERNET,Yes,PROACTIVE MAINTENANCE,Technical,GAMAS
2019-08-13T19:28:48Z,QUEUED,0.05,REG-5,Sepanjang - Sidoarjo,SIDOARJO,AP,No,PROACTIVE MAINTENANCE,Technical,NA
2019-08-13T19:38:19Z,CLOSED,0.2,REG-7,Sudiang,MAKASSAR,LOC_AP,No,AP,Technical,SOLUTION_WIFIID
2019-08-14T10:48:57Z,CLOSED,0,REG-6,Ulin,KALSEL,INTERNET,No,PASSIVE EQUIPMENT,Billing,NA
2019-08-14T06:11:25Z,CLOSED,11.06,REG-4,Solo Baru,SOLO,LOC_AP,No,AP,Billing,SOLUTION_WIFIID
2019-08-14T06:12:11Z,CLOSED,10.94,REG-4,Solo Baru,SOLO,LOC_AP,No,AP,Billing,SOLUTION_WIFIID
2019-08-14T06:14:40Z,CLOSED,10.99,REG-4,Yogyakarta Kotabaru,YOGYAKARTA,LOC_AP,No,AP,Billing,SOLUTION_WIFIID
2019-08-14T06:15:23Z,CLOSED,4.53,REG-4,Yogyakarta Kotabaru,YOGYAKARTA,LOC_AP,No,AP,Billing,SOLUTION_WIFIID
2019-08-14T06:16:01Z,CLOSED,10.52,REG-4,Yogyakarta Kotabaru,YOGYAKARTA,LOC_AP,No,AP,Billing,SOLUTION_WIFIID
2019-08-14T06:16:59Z,CLOSED,10.54,REG-4,Yogyakarta Kotabaru,YOGYAKARTA,LOC_AP,No,AP,Billing,SOLUTION_WIFIID
2019-08-13T17:34:02Z,CLOSED,0.5,REG-1,Cinta Damai,MEDAN,INTERNET,Yes,PROACTIVE MAINTENANCE,Technical,NA
2019-08-14T08:01:46Z,CLOSED,8.17,REG-6,Pontianak Centrum,KALBAR,AP,No,AP,Billing,SOLUTION_WIFIID
2019-08-14T08:03:07Z,CLOSED,1.17,REG-7,Kendari,SULTRA,LOC_AP,No,AP,Billing,SOLUTION_WIFIID
2019-08-14T09:27:34Z,QUEUED,0.02,REG-7,Tolay,SULTENG,AP,No,PROACTIVE MAINTENANCE,Technical,NA
2019-08-14T09:23:15Z,QUEUED,0,REG-7,Palu B,SULTENG,INTERNET,Yes,PROACTIVE MAINTENANCE,Technical,NA
2019-08-14T09:24:30Z,QUEUED,0,REG-7,Palu Birobuli,SULTENG,INTERNET,Yes,PROACTIVE MAINTENANCE,Technical,NA
2019-08-14T09:37:41Z,QUEUED,0.02,REG-5,Kediri,KEDIRI,LOC_AP,No,PROACTIVE MAINTENANCE,Technical,NA
2019-08-14T09:48:02Z,CLOSED,0.02,REG-2,Pasauran,BANTEN,LOC_AP,No,AP,Billing,NA
2019-08-14T09:31:04Z,QUEUED,0,REG-7,Tolitoli,SULTENG,INTERNET,Yes,PROACTIVE MAINTENANCE,Technical,NA
2019-08-14T09:31:22Z,CLOSED,33.88,REG-1,Palembang Centrum B,SUMSEL,LOC_AP,No,AP,Billing,SOLUTION_WIFIID
2019-08-14T09:24:29Z,QUEUED,0.07,REG-7,Palu Birobuli,SULTENG,AP,No,PROACTIVE MAINTENANCE,Technical,NA
2019-08-14T09:05:53Z,CLOSED,7.75,REG-6,Samarinda,SAMARINDA,LOC_AP,No,AP,Billing,SOLUTION_WIFIID
2019-08-14T09:07:51Z,CLOSED,7.4,REG-6,Samarinda,SAMARINDA,LOC_AP,No,AP,Billing,SOLUTION_WIFIID
2019-08-13T19:59:04Z,QUEUED,0.05,REG-5,Sepanjang - Sidoarjo,SIDOARJO,INTERNET,No,PROACTIVE MAINTENANCE,Technical,NA
2019-08-13T18:17:10Z,CLOSED,0.27,REG-1,Panbil,RIKEP,INTERNET,Yes,PROACTIVE MAINTENANCE,Technical,INDIHOME - DROP CORE - SAMBUNG DROP CORE - Redaman tinggi
2019-08-13T19:40:55Z,QUEUED,0.02,REG-5,Krian - Sidoarjo,SIDOARJO,INTERNET,No,PROACTIVE MAINTENANCE,Technical,NA
2019-08-13T19:41:06Z,QUEUED,0.02,REG-5,Gedangan - Sidoarjo,SIDOARJO,INTERNET,No,PROACTIVE MAINTENANCE,Technical,NA
2019-08-13T19:41:13Z,QUEUED,0.02,REG-5,Krian - Sidoarjo,SIDOARJO,INTERNET,No,PROACTIVE MAINTENANCE,Technical,NA
2019-08-13T20:00:28Z,CLOSED,1.9,REG-2,Cilincing,JAKUT,INTERNET,No,PROACTIVE MAINTENANCE,Technical,NA
2019-08-14T09:30:46Z,CLOSED,7.87,REG-3,Karawang,KARAWANG,LOC_AP,No,AP,Billing,SOLUTION_WIFIID
2019-08-14T09:31:31Z,CLOSED,7.87,REG-3,Karawang,KARAWANG,LOC_AP,No,AP,Billing,SOLUTION_WIFIID
2019-08-14T09:24:49Z,QUEUED,0.07,REG-7,Palu Birobuli,SULTENG,LOC_AP,No,PROACTIVE MAINTENANCE,Technical,NA
2019-08-14T09:25:08Z,QUEUED,0.07,REG-7,Palu Birobuli,SULTENG,LOC_AP,No,PROACTIVE MAINTENANCE,Technical,NA
2019-08-14T09:35:33Z,CLOSED,6.27,REG-5,Kamal - Bangkalan,GEMA,LOC_AP,No,PROACTIVE MAINTENANCE,Technical,INDIHOME - DROP CORE - SAMBUNG DROP CORE - Redaman tinggi
2019-08-14T09:35:38Z,CLOSED,123.98,REG-5,Gerung - Praya,NTB,INTERNET,No,PROACTIVE MAINTENANCE,Technical,NA
2019-08-14T09:18:54Z,CLOSED,0.85,REG-2,Tangerang,TANGERANG,INTERNET,Yes,PROACTIVE MAINTENANCE,Technical,GAMAS
2019-08-14T09:28:16Z,QUEUED,0,REG-7,Tawaeli,SULTENG,LOC_AP,No,PROACTIVE MAINTENANCE,Technical,NA
2019-08-14T09:28:17Z,QUEUED,0,REG-7,Tawaeli,SULTENG,INTERNET,Yes,PROACTIVE MAINTENANCE,Technical,NA
2019-08-14T09:40:21Z,CLOSED,6.32,REG-5,Pamekasan,GEMA,LOC_AP,No,PROACTIVE MAINTENANCE,Technical,INDIHOME - DROP CORE - SAMBUNG DROP CORE - Redaman tinggi
2019-08-13T19:29:09Z,QUEUED,0.05,REG-5,Krian - Sidoarjo,SIDOARJO,AP,No,PROACTIVE MAINTENANCE,Technical,NA
2019-08-14T07:41:53Z,CLOSED,6.78,REG-6,Palangkaraya,KALTENG,AP,No,AP,Billing,SOLUTION_WIFIID
2019-08-14T08:09:49Z,CLOSED,8,REG-6,Palangkaraya,KALTENG,LOC_AP,No,AP,Billing,SOLUTION_WIFIID
2019-08-13T20:31:13Z,CLOSED,0,REG-7,Manokwari,PAPUA BARAT,AP,No,PROACTIVE MAINTENANCE,Technical,NA
2019-08-14T07:40:27Z,CLOSED,8.68,REG-6,Gunung Sari,BALIKPAPAN,AP,No,AP,Billing,SOLUTION_WIFIID
2019-08-14T09:29:27Z,QUEUED,0,REG-5,Kuta,DENPASAR,INTERNET,Yes,PROACTIVE MAINTENANCE,Technical,NA
2019-08-14T09:30:35Z,CLOSED,8.71,REG-1,Palembang Centrum B,SUMSEL,LOC_AP,No,AP,Billing,SOLUTION_WIFIID
2019-08-14T09:40:04Z,CLOSED,6.27,REG-1,Mdp Jebus Pgp,BABEL,AP,No,PROACTIVE MAINTENANCE,Technical,NA
2019-08-14T09:37:32Z,CLOSED,6.27,REG-5,Pamekasan,GEMA,AP,No,PROACTIVE MAINTENANCE,Technical,INDIHOME - DROP CORE - SAMBUNG DROP CORE - Redaman tinggi
2019-08-14T09:37:43Z,CLOSED,0,REG-3,Cirebon Karyamulya,CIREBON,INTERNET,Yes,PROACTIVE MAINTENANCE,Technical,NA
2019-08-14T09:28:37Z,CLOSED,3.12,REG-3,Tasikmalaya,TASIKMALAYA,LOC_AP,No,AP,Billing,SOLUTION_INTERNET
2019-08-14T09:29:41Z,CLOSED,0.35,REG-3,Tasikmalaya,TASIKMALAYA,LOC_AP,No,AP,Billing,NA
2019-08-13T19:59:06Z,QUEUED,0,REG-5,Sepanjang - Sidoarjo,SIDOARJO,INTERNET,Yes,PROACTIVE MAINTENANCE,Technical,NA
2019-08-13T19:35:33Z,QUEUED,0.02,REG-5,Sepanjang - Sidoarjo,SIDOARJO,LOC_AP,No,PROACTIVE MAINTENANCE,Technical,NA
2019-08-13T19:35:48Z,QUEUED,0.02,REG-5,Sepanjang - Sidoarjo,SIDOARJO,INTERNET,No,PROACTIVE MAINTENANCE,Technical,NA
2019-08-13T19:36:08Z,QUEUED,0.02,REG-5,Sepanjang - Sidoarjo,SIDOARJO,LOC_AP,No,PROACTIVE MAINTENANCE,Technical,NA
2019-08-14T08:39:34Z,CLOSED,27.77,REG-6,Banjarbaru,KALSEL (BANJARMASIN),LOC_AP,No,AP,Billing,SOLUTION_WIFIID
2019-08-14T08:41:18Z,CLOSED,1.7,REG-7,Jayapura,PAPUA,LOC_AP,No,AP,Billing,SOLUTION_INTERNET
2019-08-14T08:41:36Z,CLOSED,7.3,REG-6,Tanjung Selor,KALTARA,LOC_AP,No,AP,Billing,SOLUTION_WIFIID
2019-08-14T08:44:00Z,CLOSED,7.87,REG-6,Banjarbaru,KALSEL (BANJARMASIN),LOC_AP,No,AP,Billing,SOLUTION_WIFIID
2019-08-13T17:30:41Z,CLOSED,1.04,REG-1,Medan Centrum,MEDAN,LOC_AP,No,AP,Technical,NA
2019-08-13T17:31:20Z,CLOSED,1.4,REG-1,Medan Centrum,MEDAN,LOC_AP,No,AP,Technical,NA
2019-08-13T18:28:00Z,CLOSED,1.23,REG-5,Kediri,KEDIRI,LOC_AP,No,AP,Technical,SOLUTION_WIFIID
2019-08-13T18:29:37Z,CLOSED,1.37,REG-5,Kediri,KEDIRI,LOC_AP,No,AP,Technical,SOLUTION_WIFIID
2019-08-14T05:10:05Z,CLOSED,8.22,REG-4,Magelang,MAGELANG,LOC_AP,No,AP,Billing,SOLUTION_WIFIID
2019-08-14T07:43:21Z,CLOSED,2.28,REG-4,Kudus,KUDUS,INTERNET,No,PROACTIVE MAINTENANCE,Technical,NA
2019-08-14T07:44:05Z,CLOSED,50.25,REG-4,Kudus,KUDUS,AP,No,PROACTIVE MAINTENANCE,Technical,NA
2019-08-14T07:57:18Z,CLOSED,0,REG-5,Kupang,NTT,INTERNET,Yes,PROACTIVE MAINTENANCE,Technical,GAMAS
2019-08-13T17:39:12Z,CLOSED,0.2,REG-2,Tangerang,TANGERANG,LOC_AP,No,AP,Technical,SOLUTION_WIFIID
2019-08-13T17:40:04Z,CLOSED,0.43,REG-2,Tangerang,TANGERANG,LOC_AP,No,AP,Technical,SOLUTION_WIFIID
2019-08-13T17:50:09Z,CLOSED,0.13,REG-1,Medan Centrum,MEDAN,INTERNET,Yes,PROACTIVE MAINTENANCE,Technical,GAMAS
2019-08-13T16:41:14Z,CLOSED,0,REG-3,Bandung Dago,BANDUNG,LOC_AP,No,PROACTIVE MAINTENANCE,Technical,NA
2019-08-13T16:59:07Z,CLOSED,22.83,REG-5,Tabanan,SINGARAJA,INTERNET,No,PROACTIVE MAINTENANCE,Technical,NA
2019-08-13T16:57:05Z,CLOSED,0,REG-7,Enrekang,SULSELBAR,INTERNET,Yes,PROACTIVE MAINTENANCE,Technical,GAMAS
2019-08-13T17:24:45Z,CLOSED,0.74,REG-1,Medan Centrum,MEDAN,AP,No,PROACTIVE MAINTENANCE,Technical,NA
2019-08-13T20:30:55Z,QUEUED,0,REG-5,Sidoarjo,SIDOARJO,AP,No,PROACTIVE MAINTENANCE,Technical,NA
2019-08-13T20:31:06Z,QUEUED,0,REG-5,Sidoarjo,SIDOARJO,AP,No,PROACTIVE MAINTENANCE,Technical,NA
2019-08-13T20:31:14Z,QUEUED,0,REG-5,Sidoarjo,SIDOARJO,INTERNET,No,PROACTIVE MAINTENANCE,Technical,NA
2019-08-13T20:31:23Z,QUEUED,0.07,REG-5,Sidoarjo,SIDOARJO,INTERNET,No,PROACTIVE MAINTENANCE,Technical,NA
2019-08-13T20:31:33Z,QUEUED,0.07,REG-5,Sidoarjo,SIDOARJO,LOC_AP,No,PROACTIVE MAINTENANCE,Technical,NA
2019-08-13T20:31:41Z,QUEUED,0.07,REG-5,Sidoarjo,SIDOARJO,AP,No,PROACTIVE MAINTENANCE,Technical,NA
2019-08-13T20:31:51Z,QUEUED,0.07,REG-5,Sidoarjo,SIDOARJO,INTERNET,No,PROACTIVE MAINTENANCE,Technical,NA
2019-08-13T20:28:57Z,CLOSED,0,REG-6,Banjarmasin,KALSEL,INTERNET,No,PASSIVE EQUIPMENT,Billing,NA
2019-08-14T07:54:30Z,CLOSED,31.2,REG-6,Batu Ampar,BALIKPAPAN,AP,No,AP,Billing,SOLUTION_WIFIID
2019-08-14T07:42:17Z,CLOSED,2.32,REG-4,Demak,KUDUS,LOC_AP,No,PROACTIVE MAINTENANCE,Technical,NA
2019-08-13T17:48:26Z,CLOSED,1.33,REG-1,Medan Centrum,MEDAN,LOC_AP,No,AP,Technical,NA
2019-08-13T17:49:01Z,CLOSED,1.39,REG-1,Medan Centrum,MEDAN,LOC_AP,No,AP,Technical,NA
2019-08-13T17:49:37Z,CLOSED,0.55,REG-1,Medan Centrum,MEDAN,LOC_AP,No,AP,Technical,NA
2019-08-13T17:19:01Z,CLOSED,66.1,REG-5,Buring - Malang,MALANG,INTERNET,No,PROACTIVE MAINTENANCE,Technical,NA
2019-08-13T16:54:33Z,CLOSED,19.39,REG-5,Banyuwangi,JEMBER,AP,No,PROACTIVE MAINTENANCE,Technical,INDIHOME - DROP CORE - PERMBERSIHAN/GANTI PIGTAIL - Redaman tinggi
2019-08-13T16:36:59Z,CLOSED,24.95,REG-4,Baturaden,PURWOKERTO,INTERNET,Yes,PROACTIVE MAINTENANCE,Technical,INDIHOME - ODP - PINDAH PORT/SPLITTER - Port ODP rusak karena air/serangga
2019-08-13T16:41:15Z,CLOSED,0,REG-3,Bandung Dago,BANDUNG,INTERNET,Yes,PROACTIVE MAINTENANCE,Technical,GAMAS
2019-08-13T16:39:41Z,CLOSED,0,REG-3,Bandung Dago,BANDUNG,INTERNET,Yes,PROACTIVE MAINTENANCE,Technical,GAMAS
2019-08-13T17:24:59Z,CLOSED,0.57,REG-1,Sentrum Grup B,MEDAN,INTERNET,Yes,PROACTIVE MAINTENANCE,Technical,GAMAS
2019-08-13T17:25:00Z,CLOSED,0.58,REG-1,Medan Centrum,MEDAN,INTERNET,Yes,PROACTIVE MAINTENANCE,Technical,GAMAS
2019-08-13T20:34:56Z,QUEUED,0.02,REG-5,Sidoarjo,SIDOARJO,AP,No,PROACTIVE MAINTENANCE,Technical,NA
2019-08-13T20:35:07Z,QUEUED,0.02,REG-5,Sidoarjo,SIDOARJO,INTERNET,No,PROACTIVE MAINTENANCE,Technical,NA
2019-08-13T20:35:20Z,QUEUED,0.02,REG-5,Sidoarjo,SIDOARJO,AP,No,PROACTIVE MAINTENANCE,Technical,NA
2019-08-13T20:35:29Z,QUEUED,0,REG-5,Sidoarjo,SIDOARJO,LOC_AP,No,PROACTIVE MAINTENANCE,Technical,NA
2019-08-14T07:51:56Z,CLOSED,0.02,REG-5,Oesapa - Kupang,NTT,INTERNET,Yes,PROACTIVE MAINTENANCE,Technical,GAMAS
2019-08-14T07:54:50Z,CLOSED,6.55,REG-6,Palangkaraya,KALTENG,LOC_AP,No,AP,Billing,SOLUTION_WIFIID
2019-08-14T07:55:27Z,CLOSED,29.58,REG-6,Batu Ampar,BALIKPAPAN,AP,No,AP,Billing,SOLUTION_WIFIID
2019-08-14T08:15:05Z,CLOSED,55.57,REG-4,Semarang Johar,SEMARANG,LOC_AP,No,PROACTIVE MAINTENANCE,Technical,NA
2019-08-14T08:15:24Z,CLOSED,149.75,REG-5,Jombang,SIDOARJO,LOC_AP,No,PROACTIVE MAINTENANCE,Technical,NA
2019-08-14T08:15:28Z,CLOSED,129.43,REG-5,Mojoagung - Mojokerto,SIDOARJO,LOC_AP,No,PROACTIVE MAINTENANCE,Technical,NA
2019-08-13T16:42:37Z,CLOSED,1.27,REG-1,Binjai,MEDAN,INTERNET,Yes,PROACTIVE MAINTENANCE,Technical,GAMAS
2019-08-13T16:40:55Z,CLOSED,24.98,REG-4,Purbalingga,PURWOKERTO,INTERNET,Yes,PROACTIVE MAINTENANCE,Technical,INDIHOME - ODP - GANTI ADAPTOR - Konektor kotor/berjamur
2019-08-13T16:40:28Z,CLOSED,46.55,REG-4,Purwokerto,PURWOKERTO,INTERNET,Yes,PROACTIVE MAINTENANCE,Technical,GAMAS
2019-08-13T16:43:53Z,CLOSED,25.25,REG-4,Gumilir,PURWOKERTO,INTERNET,Yes,PROACTIVE MAINTENANCE,Technical,GAMAS
2019-08-13T16:54:39Z,CLOSED,19.4,REG-5,Banyuwangi,JEMBER,INTERNET,Yes,PROACTIVE MAINTENANCE,Technical,GAMAS
2019-08-13T16:40:28Z,CLOSED,24.98,REG-4,Purwokerto,PURWOKERTO,INTERNET,Yes,PROACTIVE MAINTENANCE,Technical,INDIHOME - ODP - PINDAH PORT/SPLITTER - Redaman tinggi
2019-08-13T16:36:24Z,CLOSED,25,REG-4,Baturaden,PURWOKERTO,INTERNET,Yes,PROACTIVE MAINTENANCE,Technical,INDIHOME - ONT - GANTI PATCH CORD - Patchcord putus karena kualitas material rendah
2019-08-13T16:40:53Z,CLOSED,0,REG-1,Sekupang,RIKEP,INTERNET,No,PROACTIVE MAINTENANCE,Technical,NA
2019-08-14T18:12:48Z,CLOSED,0.02,REG-1,Sidikalang,SUMUT,INTERNET,Yes,PROACTIVE MAINTENANCE,Technical,INDIHOME - ODP - GANTI ADAPTOR - Konektor kotor/berjamur
2019-08-13T17:44:29Z,CLOSED,0.49,REG-1,Tuntungan,MEDAN,LOC_AP,No,PROACTIVE MAINTENANCE,Technical,NA
2019-08-13T16:59:28Z,QUEUED,0.23,REG-6,Nunukan,KALTARA,AP,No,PROACTIVE MAINTENANCE,Technical,NA
2019-08-13T17:37:51Z,CLOSED,0.17,REG-2,Tangerang,TANGERANG,LOC_AP,No,AP,Technical,SOLUTION_WIFIID
2019-08-13T17:38:22Z,CLOSED,2.03,REG-5,Batu,MALANG,LOC_AP,No,AP,Technical,SOLUTION_WIFIID
2019-08-14T05:37:30Z,CLOSED,7.92,REG-4,Semarang Simpanglima,SEMARANG,LOC_AP,No,AP,Billing,SOLUTION_WIFIID
2019-08-14T05:38:13Z,CLOSED,9.09,REG-4,Semarang Simpanglima,SEMARANG,LOC_AP,No,AP,Billing,SOLUTION_WIFIID
2019-08-14T05:39:00Z,CLOSED,9.09,REG-4,Semarang Simpanglima,SEMARANG,LOC_AP,No,AP,Billing,SOLUTION_WIFIID
2019-08-14T05:39:42Z,CLOSED,59.6,REG-4,Semarang Simpanglima,SEMARANG,LOC_AP,No,AP,Billing,SOLUSI untuk CONNECTIVITY ADMINISTRASI CABUT/ ISOLIR
2019-08-14T05:40:21Z,CLOSED,32.1,REG-4,Semarang Simpanglima,SEMARANG,LOC_AP,No,AP,Billing,SOLUTION_WIFIID
2019-08-14T07:51:54Z,CLOSED,0.02,REG-5,Oesapa - Kupang,NTT,AP,No,PROACTIVE MAINTENANCE,Technical,NA
2019-08-14T07:55:06Z,CLOSED,0,REG-5,Kupang,NTT,INTERNET,Yes,PROACTIVE MAINTENANCE,Technical,GAMAS
2019-08-14T08:16:57Z,QUEUED,0,REG-5,Sepanjang - Sidoarjo,SIDOARJO,INTERNET,Yes,PROACTIVE MAINTENANCE,Technical,NA
2019-08-13T18:54:55Z,CLOSED,0.15,REG-2,Bogor,BOGOR,LOC_AP,No,AP,Technical,NA
2019-08-14T08:01:28Z,CLOSED,0,REG-5,Kupang,NTT,INTERNET,Yes,PROACTIVE MAINTENANCE,Technical,GAMAS
2019-08-14T08:47:21Z,CLOSED,7.22,REG-6,Tanjung Selor,KALTARA,LOC_AP,No,AP,Billing,SOLUTION_WIFIID
2019-08-14T08:48:02Z,CLOSED,7.18,REG-6,Banjarmasin,KALSEL,LOC_AP,No,AP,Billing,SOLUTION_WIFIID
2019-08-13T16:54:32Z,BACKEND,0.02,REG-1,Batam Center,RIKEP,LOC_AP,No,PROACTIVE MAINTENANCE,Technical,NA
2019-08-13T16:42:23Z,CLOSED,46.22,REG-4,Cilacap,PURWOKERTO,INTERNET,Yes,PROACTIVE MAINTENANCE,Technical,GAMAS
2019-08-13T16:41:58Z,CLOSED,1.47,REG-1,Mendalo Jambi,JAMBI,INTERNET,Yes,PROACTIVE MAINTENANCE,Technical,GAMAS
2019-08-13T17:19:18Z,CLOSED,21.99,REG-2,Pasar Minggu,JAKSEL,AP,No,PROACTIVE MAINTENANCE,Technical,INDIHOME - ODP - GANTI ADAPTOR - Konektor kotor/berjamur
2019-08-13T17:11:28Z,CLOSED,5.07,REG-5,Malang,MALANG,LOC_AP,No,AP,Technical,SOLUTION_WIFIID
2019-08-13T17:13:17Z,CLOSED,0.73,REG-5,Malang,MALANG,LOC_AP,No,AP,Technical,SOLUTION_WIFIID
2019-08-13T17:14:58Z,CLOSED,1.08,REG-5,Malang,MALANG,LOC_AP,No,AP,Technical,SOLUTION_WIFIID
2019-08-13T17:42:30Z,CLOSED,0.5,REG-1,Cinta Damai,MEDAN,LOC_AP,No,PROACTIVE MAINTENANCE,Technical,NA
2019-08-13T20:35:37Z,QUEUED,0,REG-5,Sidoarjo,SIDOARJO,AP,No,PROACTIVE MAINTENANCE,Technical,NA
2019-08-13T17:45:35Z,CLOSED,0.47,REG-1,Tuntungan,MEDAN,INTERNET,No,PROACTIVE MAINTENANCE,Technical,NA
2019-08-13T17:28:54Z,CLOSED,128.14,REG-2,Cipete,JAKSEL,AP,No,PROACTIVE MAINTENANCE,Technical,SOLUTION_INTERNET
2019-08-13T17:33:51Z,CLOSED,0.15,REG-2,Tangerang,TANGERANG,LOC_AP,No,AP,Technical,SOLUTION_WIFIID
2019-08-13T17:33:31Z,CLOSED,0.65,REG-5,Malang,MALANG,LOC_AP,No,AP,Technical,SOLUTION_WIFIID
2019-08-13T17:35:09Z,CLOSED,0.17,REG-2,Tangerang,TANGERANG,LOC_AP,No,AP,Technical,SOLUTION_WIFIID
2019-08-13T17:36:07Z,CLOSED,0.28,REG-2,Tangerang,TANGERANG,LOC_AP,No,AP,Technical,SOLUTION_WIFIID
2019-08-13T17:37:00Z,CLOSED,0.37,REG-2,Tangerang,TANGERANG,LOC_AP,No,AP,Technical,SOLUTION_WIFIID
2019-08-13T17:36:28Z,CLOSED,2.08,REG-5,Batu,MALANG,LOC_AP,No,AP,Technical,SOLUTION_WIFIID
2019-08-13T16:54:40Z,BACKEND,0.02,REG-1,Batam Center,RIKEP,INTERNET,Yes,PROACTIVE MAINTENANCE,Technical,NA
2019-08-13T17:17:37Z,CLOSED,66.12,REG-5,Buring - Malang,MALANG,LOC_AP,No,PROACTIVE MAINTENANCE,Technical,NA
2019-08-13T17:35:43Z,CLOSED,0.7,REG-1,Medan Centrum,MEDAN,LOC_AP,No,AP,Technical,NA
2019-08-13T17:36:26Z,CLOSED,0.65,REG-1,Medan Centrum,MEDAN,LOC_AP,No,AP,Technical,NA
2019-08-13T17:37:03Z,CLOSED,0.94,REG-1,Medan Centrum,MEDAN,LOC_AP,No,AP,Technical,NA
2019-08-13T17:37:38Z,CLOSED,0.87,REG-1,Medan Centrum,MEDAN,LOC_AP,No,AP,Technical,NA
2019-08-13T17:46:05Z,CLOSED,0.45,REG-1,Tuntungan,MEDAN,AP,No,PROACTIVE MAINTENANCE,Technical,NA
2019-08-14T11:01:31Z,CLOSED,6.2,REG-3,Rancaekek,BANDUNGBRT,LOC_AP,No,AP,Billing,SOLUTION_WIFIID
2019-08-13T17:20:50Z,CLOSED,21.93,REG-2,Pasar Minggu,JAKSEL,LOC_AP,No,PROACTIVE MAINTENANCE,Technical,SOLUTION_INTERNET
2019-08-13T17:20:54Z,CLOSED,21.93,REG-2,Pasar Minggu,JAKSEL,INTERNET,No,PROACTIVE MAINTENANCE,Technical,SOLUTION_INTERNET
2019-08-13T17:46:32Z,CLOSED,1.37,REG-5,Batu,MALANG,LOC_AP,No,AP,Technical,SOLUTION_WIFIID
2019-08-14T07:59:33Z,CLOSED,0,REG-5,Kupang,NTT,INTERNET,Yes,PROACTIVE MAINTENANCE,Technical,GAMAS
2019-08-14T08:49:00Z,CLOSED,7.9,REG-6,Tanjung Selor,KALTARA,LOC_AP,No,AP,Billing,SOLUTION_WIFIID
2019-08-14T08:49:15Z,BACKEND,0,REG-6,Banjarmasin,KALSEL,LOC_AP,No,AP,Technical,NA
2019-08-13T17:53:01Z,CLOSED,0.58,REG-5,Mergoyoso - Surabaya,SURABAYA,LOC_AP,No,AP,Technical,SOLUTION_WIFIID
2019-08-13T18:14:57Z,CLOSED,0.05,REG-1,Sungai Buah,SUMSEL,INTERNET,Yes,PROACTIVE MAINTENANCE,Technical,GAMAS
2019-08-13T17:40:19Z,CLOSED,1.5,REG-5,Batu,MALANG,LOC_AP,No,AP,Technical,SOLUTION_WIFIID
2019-08-13T16:56:59Z,CLOSED,0.3,REG-7,Enrekang,SULSELBAR,INTERNET,No,PROACTIVE MAINTENANCE,Technical,NA
2019-08-13T17:42:35Z,CLOSED,0.37,REG-1,Cinta Damai,MEDAN,INTERNET,Yes,PROACTIVE MAINTENANCE,Technical,NA
2019-08-13T19:29:42Z,QUEUED,0.03,REG-5,Gedangan - Sidoarjo,SIDOARJO,AP,No,PROACTIVE MAINTENANCE,Technical,NA
2019-08-13T19:29:56Z,QUEUED,0.03,REG-5,Krian - Sidoarjo,SIDOARJO,LOC_AP,No,PROACTIVE MAINTENANCE,Technical,NA
2019-08-13T23:01:22Z,CLOSED,0.07,REG-7,Sungguminasa,MAKASSAR,LOC_AP,No,AP,Technical,SOLUTION_WIFIID
2019-08-14T02:43:58Z,CLOSED,5.74,REG-7,Jayapura,PAPUA,LOC_AP,No,AP,Technical,SOLUTION_INTERNET
2019-08-14T02:45:07Z,CLOSED,5.95,REG-7,Jayapura,PAPUA,LOC_AP,No,AP,Technical,SOLUTION_INTERNET
2019-08-14T02:47:39Z,CLOSED,5.11,REG-7,Jayapura,PAPUA,LOC_AP,No,AP,Technical,SOLUTION_INTERNET
2019-08-14T08:50:48Z,CLOSED,7.77,REG-6,Tanjung Redeb,KALTARA,LOC_AP,No,AP,Billing,SOLUTION_WIFIID
2019-08-14T08:56:31Z,CLOSED,7.53,REG-6,Tanjung Redeb,KALTARA,LOC_AP,No,AP,Billing,SOLUTION_WIFIID
2019-08-14T08:16:32Z,CLOSED,56.16,REG-5,Gempol - Pasuruan,SIDOARJO,INTERNET,No,PROACTIVE MAINTENANCE,Technical,NA
2019-08-14T08:16:55Z,QUEUED,0.03,REG-5,Sepanjang - Sidoarjo,SIDOARJO,INTERNET,No,PROACTIVE MAINTENANCE,Technical,NA
2019-08-14T07:30:27Z,CLOSED,8.49,REG-6,Gunung Sari,BALIKPAPAN,AP,No,AP,Billing,SOLUTION_WIFIID
2019-08-14T07:31:08Z,CLOSED,6.3,REG-7,Kotamobagu,SULUTMALUT,LOC_AP,No,AP,Billing,SOLUTION_WIFIID
2019-08-14T06:29:14Z,CLOSED,4.21,REG-4,Yogyakarta Kotabaru,YOGYAKARTA,LOC_AP,No,AP,Billing,SOLUTION_WIFIID
2019-08-14T06:17:43Z,CLOSED,10.51,REG-4,Yogyakarta Kotabaru,YOGYAKARTA,LOC_AP,No,AP,Billing,SOLUTION_WIFIID
2019-08-14T05:34:46Z,CLOSED,36.01,REG-4,Semarang Simpanglima,SEMARANG,LOC_AP,No,AP,Billing,SOLUTION_WIFIID
2019-08-14T05:35:58Z,CLOSED,84.68,REG-4,Semarang Simpanglima,SEMARANG,LOC_AP,No,AP,Billing,SOLUTION_WIFIID
2019-08-14T05:36:49Z,CLOSED,15.75,REG-4,Semarang Simpanglima,SEMARANG,LOC_AP,No,AP,Billing,SOLUTION_WIFIID
2019-08-13T17:47:28Z,CLOSED,0.44,REG-1,Tuntungan,MEDAN,AP,No,PROACTIVE MAINTENANCE,Technical,NA
2019-08-14T08:16:07Z,QUEUED,0.05,REG-5,Mlirip Mojokerto,SIDOARJO,LOC_AP,No,PROACTIVE MAINTENANCE,Technical,NA
2019-08-14T09:36:30Z,CLOSED,5.33,REG-3,Tasikmalaya,TASIKMALAYA,LOC_AP,No,AP,Billing,SOLUTION_INTERNET
2019-08-14T07:49:16Z,CLOSED,8.53,REG-6,Palangkaraya,KALTENG,LOC_AP,No,AP,Billing,SOLUTION_WIFIID
2019-08-14T08:32:10Z,CLOSED,7.5,REG-6,Tarakan,KALTARA,LOC_AP,No,AP,Billing,SOLUTION_WIFIID
2019-08-14T08:35:16Z,CLOSED,123.6,REG-6,Tarakan,KALTARA,LOC_AP,No,AP,Billing,SOLUTION_WIFIID
2019-08-14T08:38:06Z,CLOSED,130.88,REG-6,Tarakan,KALTARA,LOC_AP,No,AP,Billing,SOLUTION_WIFIID
2019-08-14T08:33:52Z,CLOSED,7.75,REG-6,Banjarbaru,KALSEL (BANJARMASIN),LOC_AP,No,AP,Billing,SOLUTION_WIFIID
2019-08-14T08:39:48Z,CLOSED,130.78,REG-6,Tarakan,KALTARA,LOC_AP,No,AP,Billing,SOLUTION_WIFIID
2019-08-14T08:14:05Z,CLOSED,8.32,REG-6,Banjarmasin,KALSEL,LOC_AP,No,AP,Billing,SOLUTION_WIFIID
2019-08-14T08:17:59Z,CLOSED,3.65,REG-6,Banjarmasin,KALSEL,LOC_AP,No,AP,Billing,SOLUTION_WIFIID
2019-08-14T08:18:51Z,CLOSED,7.98,REG-6,Sampit,KALTENG,LOC_AP,No,AP,Billing,SOLUTION_WIFIID
2019-08-14T08:11:02Z,CLOSED,0.18,REG-7,Ambon,MALUKU,LOC_AP,No,AP,Technical,SOLUTION_INTERNET
2019-08-14T08:11:20Z,CLOSED,8.22,REG-6,Palangkaraya,KALTENG,LOC_AP,No,AP,Billing,SOLUTION_WIFIID
2019-08-14T08:13:40Z,CLOSED,6.42,REG-6,Palangkaraya,KALTENG,LOC_AP,No,AP,Billing,SOLUTION_WIFIID
2019-08-14T08:15:06Z,CLOSED,0.38,REG-7,Kendari,SULTRA,LOC_AP,No,AP,Technical,CNDC - MEKANICHAL ELECTRICAL STO - Catuan Listrik
2019-08-14T08:53:52Z,CLOSED,2.63,REG-1,Sungai Liat,BABEL,INTERNET,No,PROACTIVE MAINTENANCE,Technical,NA
2019-08-14T09:12:20Z,CLOSED,30.8,REG-6,Samarinda,SAMARINDA,LOC_AP,No,AP,Billing,SOLUTION_WIFIID
2019-08-14T09:13:25Z,CLOSED,0.6,REG-3,Bandung Gegerkalong,BANDUNG,LOC_AP,No,AP,Billing,NA
2019-08-14T09:13:36Z,CLOSED,29.62,REG-6,Samarinda,SAMARINDA,LOC_AP,No,AP,Billing,SOLUTION_WIFIID
2019-08-14T09:03:17Z,CLOSED,5.37,REG-6,Samarinda,SAMARINDA,LOC_AP,No,AP,Billing,SOLUTION_WIFIID
2019-08-14T09:03:19Z,CLOSED,6.85,REG-5,Ketapang - Sampang,GEMA,AP,No,PROACTIVE MAINTENANCE,Technical,INDIHOME - DROP CORE - SAMBUNG DROP CORE - Redaman tinggi
2019-08-13T17:32:04Z,CLOSED,1.39,REG-1,Medan Centrum,MEDAN,LOC_AP,No,AP,Technical,NA
2019-08-13T19:29:21Z,QUEUED,0.05,REG-5,Sepanjang - Sidoarjo,SIDOARJO,INTERNET,No,PROACTIVE MAINTENANCE,Technical,NA
2019-08-13T22:49:12Z,CLOSED,0.12,REG-2,Mangga Besar,JAKUT,AP,No,PROACTIVE MAINTENANCE,Technical,NA
2019-08-14T08:19:30Z,CLOSED,7.83,REG-6,Ks. Tubun,BALIKPAPAN,AP,No,AP,Billing,SOLUTION_WIFIID
2019-08-14T08:21:52Z,CLOSED,4.03,REG-6,Banjarmasin,KALSEL,LOC_AP,No,AP,Billing,SOLUTION_WIFIID
2019-08-14T08:14:58Z,CLOSED,8.2,REG-6,Penajam,BALIKPAPAN,AP,No,AP,Billing,SOLUTION_WIFIID
2019-08-14T09:06:03Z,CLOSED,6.88,REG-5,Ketapang - Sampang,GEMA,LOC_AP,No,PROACTIVE MAINTENANCE,Technical,INDIHOME - DROP CORE - SAMBUNG DROP CORE - Redaman tinggi
2019-08-14T09:17:41Z,CLOSED,9,REG-1,Jambi Centrum,JAMBI,LOC_AP,No,AP,Billing,SOLUTION_WIFIID
2019-08-14T06:29:58Z,CLOSED,10.32,REG-4,Yogyakarta Kotabaru,YOGYAKARTA,LOC_AP,No,AP,Billing,SOLUTION_WIFIID
2019-08-14T08:31:21Z,CLOSED,1.87,REG-7,Jayapura,PAPUA,LOC_AP,No,AP,Billing,SOLUTION_INTERNET
2019-08-13T21:33:16Z,CLOSED,42.3,REG-2,Tanjung Priuk,JAKUT,INTERNET,Yes,PROACTIVE MAINTENANCE,Technical,NA
2019-08-13T20:31:58Z,QUEUED,0.07,REG-5,Sidoarjo,SIDOARJO,LOC_AP,No,PROACTIVE MAINTENANCE,Technical,NA
2019-08-13T20:32:08Z,QUEUED,0.07,REG-5,Sidoarjo,SIDOARJO,LOC_AP,No,PROACTIVE MAINTENANCE,Technical,NA
2019-08-13T20:32:18Z,QUEUED,0.07,REG-5,Sidoarjo,SIDOARJO,AP,No,PROACTIVE MAINTENANCE,Technical,NA
2019-08-13T20:32:25Z,QUEUED,0.05,REG-5,Sidoarjo,SIDOARJO,AP,No,PROACTIVE MAINTENANCE,Technical,NA
2019-08-13T20:32:32Z,QUEUED,0.05,REG-5,Sidoarjo,SIDOARJO,AP,No,PROACTIVE MAINTENANCE,Technical,NA
2019-08-13T20:32:39Z,QUEUED,0.05,REG-5,Sidoarjo,SIDOARJO,LOC_AP,No,PROACTIVE MAINTENANCE,Technical,NA
2019-08-14T07:14:18Z,CLOSED,9.35,REG-6,Tenggarong,SAMARINDA,AP,No,AP,Billing,SOLUTION_WIFIID
2019-08-14T05:09:16Z,CLOSED,11.38,REG-4,Magelang,MAGELANG,LOC_AP,No,AP,Billing,SOLUTION_WIFIID
2019-08-14T09:04:29Z,CLOSED,5.32,REG-6,Samarinda,SAMARINDA,LOC_AP,No,AP,Billing,SOLUTION_WIFIID
2019-08-14T09:31:03Z,QUEUED,0.05,REG-7,Tolitoli,SULTENG,INTERNET,No,PROACTIVE MAINTENANCE,Technical,NA
2019-08-13T18:16:28Z,CLOSED,0.03,REG-1,Talang Kelapa,SUMSEL,INTERNET,Yes,PROACTIVE MAINTENANCE,Technical,GAMAS
2019-08-13T20:33:11Z,CLOSED,2.4,REG-2,Cilincing,JAKUT,LOC_AP,No,PROACTIVE MAINTENANCE,Technical,NA
2019-08-13T20:34:17Z,QUEUED,0.03,REG-5,Sidoarjo,SIDOARJO,INTERNET,No,PROACTIVE MAINTENANCE,Technical,NA
2019-08-13T20:34:31Z,QUEUED,0.02,REG-5,Sidoarjo,SIDOARJO,INTERNET,No,PROACTIVE MAINTENANCE,Technical,NA
2019-08-13T20:34:40Z,QUEUED,0.02,REG-5,Sidoarjo,SIDOARJO,INTERNET,No,PROACTIVE MAINTENANCE,Technical,NA
2019-08-13T20:34:47Z,QUEUED,0.02,REG-5,Sidoarjo,SIDOARJO,AP,No,PROACTIVE MAINTENANCE,Technical,NA
2019-08-14T08:23:56Z,CLOSED,9.67,REG-1,Bukit Dangas,RIKEP,LOC_AP,No,PROACTIVE MAINTENANCE,Technical,NA
2019-08-14T08:14:16Z,CLOSED,0.02,REG-6,Banjarmasin,KALSEL,AP,No,PASSIVE EQUIPMENT,Billing,NA
2019-08-14T08:52:35Z,CLOSED,23.59,REG-6,Pontianak Centrum,KALBAR,AP,No,AP,Billing,SOLUTION_WIFIID
2019-08-14T08:53:12Z,CLOSED,6.93,REG-5,Arosbaya - Bangkalan,GEMA,AP,No,PROACTIVE MAINTENANCE,Technical,INDIHOME - DROP CORE - SAMBUNG DROP CORE - Redaman tinggi
2019-08-14T08:54:26Z,CLOSED,3.19,REG-1,Sagulung,RIKEP,INTERNET,No,PROACTIVE MAINTENANCE,Technical,NA
2019-08-13T18:06:11Z,CLOSED,0.52,REG-1,Bengkulu Centrum,BENGKULU,LOC_AP,No,AP,Technical,NA
2019-08-14T08:36:20Z,CLOSED,0.08,REG-7,Jayapura,PAPUA,LOC_AP,No,AP,Technical,SOLUTION_INTERNET
2019-08-14T08:54:42Z,BACKEND,0.02,REG-1,Sagulung,RIKEP,INTERNET,No,PROACTIVE MAINTENANCE,Technical,NA
2019-08-14T08:52:17Z,CLOSED,7.68,REG-6,Tanjung Redeb,KALTARA,LOC_AP,No,AP,Billing,SOLUTION_WIFIID
2019-08-14T08:53:45Z,CLOSED,7.75,REG-6,Tanjung Redeb,KALTARA,LOC_AP,No,AP,Billing,SOLUTION_WIFIID
2019-08-14T02:12:03Z,CLOSED,11.32,REG-7,Kwandang,GORONTALO,LOC_AP,No,AP,Billing,SOLUTION_WIFIID
2019-08-14T02:20:41Z,CLOSED,5.51,REG-7,Gorontalo,GORONTALO,LOC_AP,No,AP,Technical,SOLUTION_INTERNET
2019-08-13T17:51:10Z,CLOSED,0.62,REG-5,Mergoyoso - Surabaya,SURABAYA,LOC_AP,No,AP,Technical,SOLUTION_WIFIID
2019-08-14T08:23:56Z,CLOSED,24.08,REG-6,Pontianak Centrum,KALBAR,AP,No,AP,Billing,SOLUTION_WIFIID
2019-08-14T08:24:37Z,CLOSED,7.8,REG-1,Bukit Dangas,RIKEP,LOC_AP,No,PROACTIVE MAINTENANCE,Technical,NA
2019-08-14T08:34:27Z,CLOSED,33.33,REG-6,Singkawang,KALBAR,AP,No,AP,Billing,SOLUTION_WIFIID
2019-08-14T08:20:35Z,CLOSED,0,REG-6,Takisung,KALSEL,AP,No,PASSIVE EQUIPMENT,Billing,NA
2019-08-14T09:15:38Z,CLOSED,7.37,REG-6,Samarinda,SAMARINDA,LOC_AP,No,AP,Billing,SOLUTION_WIFIID
2019-08-14T09:19:02Z,CLOSED,8.97,REG-1,Jambi Centrum,JAMBI,LOC_AP,No,AP,Billing,SOLUTION_WIFIID
2019-08-13T17:47:02Z,CLOSED,0.44,REG-1,Tuntungan,MEDAN,LOC_AP,No,PROACTIVE MAINTENANCE,Technical,NA
2019-08-13T17:48:28Z,CLOSED,0.43,REG-1,Simpang Limun,MEDAN,INTERNET,No,PROACTIVE MAINTENANCE,Technical,NA
2019-08-13T20:29:46Z,CLOSED,0,REG-6,Ulin,KALSEL,AP,No,PASSIVE EQUIPMENT,Billing,NA
2019-08-13T20:26:47Z,CLOSED,0,REG-6,Ulin,KALSEL,LOC_AP,No,PASSIVE EQUIPMENT,Billing,NA
2019-08-14T09:20:20Z,CLOSED,8.97,REG-1,Jambi Centrum,JAMBI,LOC_AP,No,AP,Billing,SOLUTION_WIFIID
2019-08-13T16:10:36Z,CLOSED,0.65,REG-5,Amlapura,SINGARAJA,LOC_AP,No,AP,Technical,SOLUTION_WIFIID
2019-08-13T16:13:15Z,CLOSED,0.6,REG-5,Amlapura,SINGARAJA,LOC_AP,No,AP,Technical,SOLUTION_WIFIID
2019-08-13T16:15:50Z,CLOSED,0.55,REG-5,Amlapura,SINGARAJA,LOC_AP,No,AP,Technical,SOLUTION_WIFIID
2019-08-13T11:43:54Z,CLOSED,0.02,REG-5,Kuta,DENPASAR,LOC_AP,No,AP,Technical,SOLUTION_WIFIID
2019-08-13T11:40:21Z,CLOSED,0.03,REG-5,Kuta,DENPASAR,LOC_AP,No,AP,Technical,SOLUTION_WIFIID
2019-08-13T15:17:55Z,CLOSED,0.12,REG-1,Jambi Centrum,JAMBI,INTERNET,Yes,PROACTIVE MAINTENANCE,Technical,GAMAS
2019-08-13T14:47:32Z,CLOSED,0.02,REG-3,Cibeber,SUKABUMI,INTERNET,Yes,PROACTIVE MAINTENANCE,Technical,GAMAS
2019-08-13T15:18:16Z,CLOSED,4.53,REG-2,Gandaria,JAKTIM,INTERNET,No,PROACTIVE MAINTENANCE,Technical,NA
2019-08-13T16:37:12Z,CLOSED,0.28,REG-2,Gambir,JAKPUS,LOC_AP,No,AP,Technical,NA
2019-08-13T16:38:01Z,CLOSED,0.45,REG-2,Jatinegara,JAKTIM,LOC_AP,No,AP,Technical,NA
2019-08-13T16:38:41Z,CLOSED,0.25,REG-2,Gambir,JAKPUS,LOC_AP,No,AP,Technical,NA
2019-08-13T15:18:49Z,CLOSED,18.92,REG-2,Parung Panjang,TANGERANG,INTERNET,No,PROACTIVE MAINTENANCE,Technical,NA
2019-08-13T15:41:17Z,CLOSED,0.05,REG-1,Lubuk Baja,RIKEP,AP,No,PROACTIVE MAINTENANCE,Technical,NA
2019-08-13T12:50:43Z,QUEUED,0,REG-4,Parakan,MAGELANG,INTERNET,Yes,PROACTIVE MAINTENANCE,Technical,NA
2019-08-13T16:42:11Z,CLOSED,2.88,REG-2,Bogor,BOGOR,LOC_AP,No,AP,Technical,NA
2019-08-13T14:48:58Z,QUEUED,0.05,REG-4,Sawitan,MAGELANG,INTERNET,No,PROACTIVE MAINTENANCE,Technical,NA
2019-08-13T15:17:53Z,CLOSED,0.12,REG-1,Jambi Centrum,JAMBI,INTERNET,No,PROACTIVE MAINTENANCE,Technical,INDIHOME - ODP - GANTI ADAPTOR - Konektor kotor/berjamur
2019-08-13T16:22:18Z,CLOSED,17.75,REG-2,Legok,TANGERANG,LOC_AP,No,PROACTIVE MAINTENANCE,Technical,NA
2019-08-13T16:35:56Z,CLOSED,1.5,REG-1,Tanjung Morawa,MEDAN,LOC_AP,No,PROACTIVE MAINTENANCE,Technical,NA
2019-08-13T16:54:53Z,CLOSED,0.17,REG-1,Pematang Siantar Centrum,SUMUT,LOC_AP,No,AP,Technical,NA
2019-08-13T16:40:27Z,CLOSED,25.25,REG-4,Purwokerto,PURWOKERTO,LOC_AP,No,PROACTIVE MAINTENANCE,Technical,NA
2019-08-13T14:32:20Z,QUEUED,0.07,REG-7,Ternate,SULUTMALUT,INTERNET,No,PROACTIVE MAINTENANCE,Technical,NA
2019-08-13T12:57:04Z,CLOSED,48.5,REG-6,Gunung Sari,BALIKPAPAN,LOC_AP,No,PROACTIVE MAINTENANCE,Technical,NA
2019-08-13T12:42:11Z,CLOSED,2.84,REG-1,Lubuk Baja,RIKEP,INTERNET,No,PROACTIVE MAINTENANCE,Technical,NA
2019-08-13T15:24:15Z,CLOSED,0.22,REG-7,Jayapura,PAPUA,LOC_AP,No,AP,Technical,SOLUTION_WIFIID
2019-08-13T16:55:15Z,CLOSED,0.28,REG-5,Kuta,DENPASAR,LOC_AP,No,AP,Technical,SOLUTION_WIFIID
2019-08-13T16:39:00Z,CLOSED,1.46,REG-1,Tanjung Morawa,MEDAN,LOC_AP,No,PROACTIVE MAINTENANCE,Technical,NA
2019-08-13T16:40:12Z,CLOSED,17.48,REG-2,Serua Indah,TANGERANG,AP,No,PROACTIVE MAINTENANCE,Technical,NA
2019-08-13T13:03:29Z,CLOSED,0.2,REG-5,Kuta,DENPASAR,LOC_AP,No,AP,Technical,SOLUTION_WIFIID
2019-08-13T15:16:42Z,CLOSED,18.86,REG-2,Ganda Sari,TANGERANG,INTERNET,No,PROACTIVE MAINTENANCE,Technical,NA
2019-08-13T15:59:47Z,CLOSED,0.28,REG-5,Jagir - Surabaya,SURABAYA,LOC_AP,No,AP,Technical,SOLUTION_WIFIID
2019-08-13T16:00:02Z,CLOSED,4.33,REG-6,Samarinda,SAMARINDA,AP,No,PROACTIVE MAINTENANCE,Technical,NA
2019-08-13T16:12:21Z,CLOSED,17.57,REG-5,Tabanan,SINGARAJA,INTERNET,Yes,PROACTIVE MAINTENANCE,Technical,INDIHOME - ODP - GANTI PIGTAIL - Redaman tinggi
2019-08-13T16:46:17Z,CLOSED,5.05,REG-2,Bogor,BOGOR,LOC_AP,No,AP,Technical,NA
2019-08-13T16:47:38Z,CLOSED,5.05,REG-2,Bogor,BOGOR,LOC_AP,No,AP,Technical,NA
2019-08-13T15:30:54Z,CLOSED,0.05,REG-2,Kota,JAKUT,LOC_AP,No,AP,Technical,NA
2019-08-13T15:30:52Z,CLOSED,0.08,REG-4,Magelang,MAGELANG,LOC_AP,No,AP,Technical,NA
2019-08-13T16:00:27Z,CLOSED,0.12,REG-3,Lembong (Centrum),BANDUNG,INTERNET,No,PROACTIVE MAINTENANCE,Technical,NA
2019-08-13T16:41:57Z,CLOSED,1.45,REG-1,Mendalo Jambi,JAMBI,LOC_AP,No,PROACTIVE MAINTENANCE,Technical,INDIHOME - ODP - GANTI ADAPTOR - Konektor kotor/berjamur
2019-08-13T16:17:50Z,CLOSED,4.18,REG-3,Bandung Hegarmanah,BANDUNG,INTERNET,Yes,PROACTIVE MAINTENANCE,Technical,Tidak masuk kriteria Unspec
2019-08-13T15:17:30Z,CLOSED,4.54,REG-2,Gandaria,JAKTIM,AP,No,PROACTIVE MAINTENANCE,Technical,NA
2019-08-13T15:17:55Z,CLOSED,18.93,REG-2,Pasar Kamis,TANGERANG,AP,No,PROACTIVE MAINTENANCE,Technical,NA
2019-08-13T16:02:09Z,CLOSED,0.08,REG-3,Lembong (Centrum),BANDUNG,INTERNET,Yes,PROACTIVE MAINTENANCE,Technical,GAMAS
2019-08-13T16:02:10Z,CLOSED,0.08,REG-3,Cicadas (Ahmad Yani),BANDUNG,INTERNET,Yes,PROACTIVE MAINTENANCE,Technical,GAMAS
2019-08-13T16:42:22Z,CLOSED,25.25,REG-4,Cilacap,PURWOKERTO,AP,No,PROACTIVE MAINTENANCE,Technical,NA
2019-08-13T14:32:30Z,QUEUED,0.07,REG-5,Mojoagung - Mojokerto,SIDOARJO,AP,No,PROACTIVE MAINTENANCE,Technical,NA
2019-08-13T12:53:46Z,CLOSED,1.67,REG-1,Mendalo Jambi,JAMBI,INTERNET,Yes,PROACTIVE MAINTENANCE,Technical,GAMAS
2019-08-13T13:15:35Z,CLOSED,24.47,REG-5,Pare - Kediri,KEDIRI,AP,No,PROACTIVE MAINTENANCE,Technical,SOLUTION_INTERNET
2019-08-13T16:11:01Z,CLOSED,0.1,REG-2,Kebayoran,JAKSEL,LOC_AP,No,AP,Technical,NA
2019-08-13T16:13:18Z,CLOSED,0.05,REG-2,Kota,JAKUT,LOC_AP,No,AP,Technical,NA
2019-08-13T15:49:26Z,CLOSED,0.12,REG-2,Kebayoran,JAKSEL,LOC_AP,No,AP,Technical,NA
2019-08-13T15:45:17Z,CLOSED,1.34,REG-1,Berastagi,SUMUT,LOC_AP,No,AP,Technical,NA
2019-08-13T15:45:49Z,CLOSED,3.3,REG-5,Mataram A - Mataram,NTB,LOC_AP,No,AP,Technical,SOLUTION_WIFIID
2019-08-13T15:50:17Z,CLOSED,0.1,REG-2,Kebayoran,JAKSEL,LOC_AP,No,AP,Technical,NA
2019-08-13T16:17:48Z,CLOSED,18.75,REG-3,Bandung Hegarmanah,BANDUNG,LOC_AP,No,PROACTIVE MAINTENANCE,Technical,NA
2019-08-13T16:17:49Z,CLOSED,18.75,REG-3,Bandung Hegarmanah,BANDUNG,INTERNET,Yes,PROACTIVE MAINTENANCE,Technical,INDIHOME - ODP - GANTI ADAPTOR - Konektor kotor/berjamur
2019-08-13T16:08:55Z,CLOSED,0.4,REG-1,Tebing Tinggi,SUMUT,INTERNET,Yes,PROACTIVE MAINTENANCE,Technical,GAMAS
2019-08-13T16:16:41Z,CLOSED,1.85,REG-1,Jambi Centrum,JAMBI,INTERNET,Yes,PROACTIVE MAINTENANCE,Technical,GAMAS
2019-08-13T16:01:08Z,CLOSED,4.28,REG-6,Palangkaraya,KALTENG,INTERNET,Yes,PROACTIVE MAINTENANCE,Technical,GAMAS
2019-08-13T16:42:36Z,CLOSED,1.42,REG-1,Binjai,MEDAN,LOC_AP,No,PROACTIVE MAINTENANCE,Technical,NA
2019-08-13T16:36:54Z,CLOSED,25.3,REG-4,Baturaden,PURWOKERTO,AP,No,PROACTIVE MAINTENANCE,Technical,NA
2019-08-13T16:32:33Z,QUEUED,0.07,REG-4,Pekalongan,PEKALONGAN,INTERNET,No,PROACTIVE MAINTENANCE,Technical,NA
2019-08-13T16:37:01Z,CLOSED,1.5,REG-1,Tanjung Morawa,MEDAN,INTERNET,No,PROACTIVE MAINTENANCE,Technical,NA
2019-08-14T12:31:26Z,CLOSED,0.07,REG-3,Banjar,TASIKMALAYA,INTERNET,Yes,PROACTIVE MAINTENANCE,Technical,GAMAS
2019-08-13T14:42:46Z,CLOSED,130.85,REG-2,Cipete,JAKSEL,LOC_AP,No,PROACTIVE MAINTENANCE,Technical,INDIHOME - ODP - GANTI ADAPTOR - Konektor kotor/berjamur
2019-08-13T13:10:52Z,CLOSED,10.72,REG-5,Sidoarjo,SIDOARJO,LOC_AP,No,AP,Technical,SOLUTION_WIFIID
2019-08-13T14:30:17Z,QUEUED,0.03,REG-5,Darmo - Surabaya,SURABAYA,AP,No,PROACTIVE MAINTENANCE,Technical,NA
2019-08-13T14:30:19Z,QUEUED,0,REG-5,Darmo - Surabaya,SURABAYA,INTERNET,Yes,PROACTIVE MAINTENANCE,Technical,NA
2019-08-14T19:34:03Z,CLOSED,25.3,REG-5,Batu,MALANG,LOC_AP,No,AP,Billing,SOLUTION_WIFIID
2019-08-13T16:06:30Z,CLOSED,0.03,REG-2,Meruya,JAKBAR,INTERNET,Yes,PROACTIVE MAINTENANCE,Technical,GAMAS
2019-08-13T16:11:15Z,CLOSED,1.92,REG-1,Jambi Centrum,JAMBI,INTERNET,Yes,PROACTIVE MAINTENANCE,Technical,GAMAS
2019-08-13T16:04:10Z,CLOSED,47.78,REG-4,Semarang Johar,SEMARANG,INTERNET,Yes,PROACTIVE MAINTENANCE,Technical,GAMAS
2019-08-13T16:43:48Z,CLOSED,1.4,REG-1,Binjai,MEDAN,INTERNET,No,PROACTIVE MAINTENANCE,Technical,NA
2019-08-13T16:45:33Z,CLOSED,17.51,REG-2,Legok,TANGERANG,AP,No,PROACTIVE MAINTENANCE,Technical,NA
2019-08-13T16:32:11Z,QUEUED,0.07,REG-4,Pekalongan,PEKALONGAN,LOC_AP,No,PROACTIVE MAINTENANCE,Technical,NA
2019-08-13T16:39:45Z,CLOSED,1.47,REG-1,Tanjung Morawa,MEDAN,INTERNET,No,PROACTIVE MAINTENANCE,Technical,NA
2019-08-13T15:15:34Z,CLOSED,24.02,REG-2,Pasar Minggu,JAKSEL,INTERNET,No,PROACTIVE MAINTENANCE,Technical,SOLUTION_INTERNET
2019-08-13T15:16:14Z,CLOSED,4.55,REG-2,Kranggan,JAKTIM,AP,No,PROACTIVE MAINTENANCE,Technical,NA
2019-08-13T16:00:51Z,CLOSED,15.8,REG-5,Jagir - Surabaya,SURABAYA,LOC_AP,No,AP,Technical,SOLUTION_WIFIID
2019-08-13T15:49:42Z,CLOSED,0.24,REG-5,Amlapura,SINGARAJA,LOC_AP,No,AP,Technical,SOLUTION_WIFIID
2019-08-13T15:50:37Z,CLOSED,1.7,REG-5,Sidoarjo,SIDOARJO,LOC_AP,No,AP,Technical,SOLUTION_WIFIID
2019-08-13T16:05:28Z,CLOSED,0.05,REG-3,Cibadak,SUKABUMI,INTERNET,Yes,PROACTIVE MAINTENANCE,Technical,GAMAS
2019-08-13T16:03:55Z,CLOSED,0.08,REG-3,Cicadas (Ahmad Yani),BANDUNG,INTERNET,Yes,PROACTIVE MAINTENANCE,Technical,GAMAS
2019-08-13T16:59:12Z,CLOSED,17.07,REG-5,Tabanan,SINGARAJA,INTERNET,Yes,PROACTIVE MAINTENANCE,Technical,INDIHOME - ODP - GANTI PIGTAIL - Redaman tinggi
2019-08-13T16:43:52Z,CLOSED,25.25,REG-4,Gumilir,PURWOKERTO,LOC_AP,No,PROACTIVE MAINTENANCE,Technical,NA
2019-08-13T16:36:23Z,CLOSED,25.3,REG-4,Baturaden,PURWOKERTO,LOC_AP,No,PROACTIVE MAINTENANCE,Technical,NA
2019-08-13T16:46:02Z,CLOSED,0.52,REG-1,Lubuk Baja,RIKEP,INTERNET,Yes,PROACTIVE MAINTENANCE,Technical,INDIHOME - DROP CORE - GANTI DROP CORE - Redaman tinggi
2019-08-13T13:15:33Z,CLOSED,0,REG-6,Banjarbaru,KALSEL,AP,No,PASSIVE EQUIPMENT,Billing,NA
2019-08-13T16:26:39Z,QUEUED,0.07,REG-4,Adiwerna,PEKALONGAN,LOC_AP,No,PROACTIVE MAINTENANCE,Technical,NA
2019-08-13T14:38:55Z,CLOSED,2.4,REG-1,Pematang Siantar Centrum,SUMUT,LOC_AP,No,AP,Technical,NA
2019-08-13T15:14:34Z,CLOSED,0.05,REG-2,Kota,JAKUT,LOC_AP,No,AP,Technical,NA
2019-08-13T16:09:56Z,CLOSED,0,REG-3,Cibadak,SUKABUMI,INTERNET,Yes,PROACTIVE MAINTENANCE,Technical,GAMAS
2019-08-13T16:24:36Z,CLOSED,1.72,REG-1,Mendalo Jambi,JAMBI,LOC_AP,No,PROACTIVE MAINTENANCE,Technical,INDIHOME - ODP - GANTI ADAPTOR - Konektor kotor/berjamur
2019-08-13T16:13:01Z,CLOSED,18.37,REG-4,Semarang Johar,SEMARANG,INTERNET,Yes,PROACTIVE MAINTENANCE,Technical,INDIHOME - ODP - GANTI ADAPTOR - Adapter rusak karena kualitas material rendah
